id_encuesta,fecha,area_servicio,genero,tipo_cliente,turno,satisfaccion_general,amabilidad_personal,tiempo_espera,calidad_servicio,limpieza_instalaciones,claridad_informacion,resolucion_problema,probabilidad_recomendar,edad_cliente,tiempo_atencion_minutos
1,2025-11-01,Planta de alimentos,Masculino,Frecuente,Mañana,10,10,8,10,10,9,9,10,40,2
2,2025-11-01,Farmacia,Masculino,Nuevo,Mañana,7,5,7,6,8,8,7,9,56,8
3,2025-11-01,Movilización,Femenino,Nuevo,Tarde,5,6,6,6,5,7,5,6,56,24
4,2025-11-01,Movilización,Femenino,Frecuente,Tarde,8,8,6,6,6,7,8,7,29,15
5,2025-11-01,Movilización,Masculino,Frecuente,Noche,9,9,7,9,9,8,9,10,70,12
6,2025-11-01,Planta de alimentos,Masculino,Nuevo,Mañana,10,9,7,6,6,10,6,9,57,2
7,2025-11-01,Planta de alimentos,Femenino,Frecuente,Tarde,6,6,5,7,8,6,6,4,63,2
8,2025-11-01,Movilización,Masculino,Frecuente,Tarde,7,6,6,6,7,7,9,7,18,15
9,2025-11-01,Farmacia,Masculino,Frecuente,Tarde,7,7,7,8,7,6,8,6,49,11
10,2025-11-01,Planta de alimentos,Femenino,Nuevo,Tarde,7,7,6,7,8,8,6,6,31,12
11,2025-11-01,Movilización,Masculino,Nuevo,Mañana,6,8,8,8,6,9,5,7,60,24
12,2025-11-01,Farmacia,Femenino,Frecuente,Noche,6,6,3,6,6,6,5,6,75,14
13,2025-11-01,Planta de alimentos,Femenino,Nuevo,Tarde,6,7,5,6,8,7,6,5,31,7
14,2025-11-01,Farmacia,Masculino,Nuevo,Noche,6,5,5,5,5,6,2,5,55,12
15,2025-11-02,Farmacia,Femenino,Frecuente,Mañana,7,10,7,8,8,8,7,8,44,15
16,2025-11-02,Movilización,Femenino,Frecuente,Mañana,9,7,8,9,9,9,7,9,38,14
17,2025-11-02,Movilización,Otro,Nuevo,Mañana,8,7,8,7,6,7,8,10,32,20
18,2025-11-02,Planta de alimentos,Femenino,Frecuente,Tarde,10,9,9,8,9,9,10,9,42,2
19,2025-11-02,Farmacia,Otro,Nuevo,Noche,7,5,8,4,6,6,4,6,38,11
20,2025-11-02,Movilización,Femenino,Nuevo,Tarde,7,6,5,8,4,7,7,6,18,19
21,2025-11-02,Movilización,Femenino,Nuevo,Mañana,6,6,5,6,7,6,4,5,37,16
22,2025-11-03,Movilización,Femenino,Nuevo,Noche,5,5,4,4,4,4,5,4,60,18
23,2025-11-03,Movilización,Masculino,Frecuente,Mañana,6,5,4,6,8,7,8,7,42,7
24,2025-11-03,Movilización,Masculino,Frecuente,Mañana,6,9,6,6,8,8,5,6,45,12
25,2025-11-03,Farmacia,Masculino,Frecuente,Tarde,8,8,7,8,8,8,8,8,45,7
26,2025-11-03,Movilización,Femenino,Frecuente,Tarde,8,9,7,8,7,7,7,7,60,13
27,2025-11-03,Movilización,Masculino,Frecuente,Tarde,7,7,8,7,10,7,7,7,56,23
28,2025-11-03,Movilización,Masculino,Frecuente,Mañana,8,9,6,7,9,9,7,9,50,12
29,2025-11-03,Movilización,Masculino,Nuevo,Tarde,6,7,6,7,6,6,5,7,55,12
30,2025-11-03,Farmacia,Femenino,Frecuente,Tarde,7,7,9,9,8,7,8,7,46,9
31,2025-11-03,Farmacia,Masculino,Frecuente,Noche,7,5,6,6,5,5,6,7,43,12
32,2025-11-04,Planta de alimentos,Femenino,Nuevo,Tarde,8,7,6,7,6,7,8,9,53,9
33,2025-11-04,Farmacia,Femenino,Frecuente,Tarde,8,8,9,10,9,10,7,8,38,10
34,2025-11-04,Movilización,Femenino,Frecuente,Mañana,9,8,8,7,7,8,8,9,47,13
35,2025-11-04,Farmacia,Femenino,Frecuente,Mañana,3,8,5,7,6,6,6,3,18,13
36,2025-11-04,Farmacia,Masculino,Frecuente,Mañana,9,6,9,9,7,8,8,8,60,3
37,2025-11-04,Movilización,Masculino,Frecuente,Noche,8,6,5,6,7,5,5,9,49,13
38,2025-11-04,Movilización,Masculino,Frecuente,Mañana,7,5,6,6,6,8,7,7,57,10
39,2025-11-04,Farmacia,Femenino,Nuevo,Mañana,8,5,8,10,7,6,8,9,40,5
40,2025-11-04,Farmacia,Masculino,Frecuente,Mañana,7,10,8,7,7,7,6,7,30,12
41,2025-11-05,Farmacia,Femenino,Frecuente,Mañana,8,8,8,7,8,10,7,8,42,8
42,2025-11-05,Movilización,Femenino,Frecuente,Noche,5,7,6,7,6,6,5,6,23,15
43,2025-11-05,Movilización,Femenino,Frecuente,Noche,6,6,7,8,8,5,6,7,60,18
44,2025-11-05,Movilización,Femenino,Nuevo,Tarde,9,7,6,8,7,5,8,9,38,17
45,2025-11-05,Movilización,Masculino,Frecuente,Mañana,9,8,6,9,10,8,9,7,58,17
46,2025-11-05,Movilización,Femenino,Frecuente,Mañana,7,9,8,6,8,9,9,6,61,14
47,2025-11-05,Planta de alimentos,Femenino,Frecuente,Noche,7,4,5,7,7,5,6,7,35,2
48,2025-11-05,Planta de alimentos,Masculino,Nuevo,Tarde,7,9,6,7,7,8,7,7,38,7
49,2025-11-05,Movilización,Femenino,Frecuente,Mañana,7,6,8,5,6,6,6,4,72,19
50,2025-11-05,Movilización,Femenino,Nuevo,Tarde,7,8,6,6,8,6,5,7,27,16
51,2025-11-05,Movilización,Masculino,Frecuente,Tarde,5,6,5,6,8,7,6,4,41,23
52,2025-11-05,Movilización,Femenino,Frecuente,Tarde,8,7,3,8,7,5,6,7,38,20
53,2025-11-05,Farmacia,Masculino,Frecuente,Tarde,7,6,8,7,7,7,8,6,37,14
54,2025-11-05,Planta de alimentos,Femenino,Frecuente,Tarde,7,8,6,8,10,8,8,7,48,8
55,2025-11-06,Movilización,Femenino,Nuevo,Noche,8,8,9,9,8,9,9,10,60,13
56,2025-11-06,Movilización,Masculino,Frecuente,Mañana,6,7,7,8,7,8,8,6,42,18
57,2025-11-06,Farmacia,Masculino,Frecuente,Mañana,8,8,8,8,8,8,6,9,49,16
58,2025-11-06,Farmacia,Masculino,Nuevo,Tarde,7,6,7,7,7,7,7,7,33,13
59,2025-11-06,Farmacia,Masculino,Frecuente,Mañana,10,9,10,10,10,9,10,9,31,14
60,2025-11-06,Movilización,Masculino,Frecuente,Mañana,9,8,6,8,9,9,9,9,34,20
61,2025-11-06,Farmacia,Masculino,Frecuente,Tarde,8,7,7,9,6,7,7,5,64,9
62,2025-11-06,Planta de alimentos,Masculino,Nuevo,Noche,8,7,7,7,6,6,7,8,75,3
63,2025-11-07,Movilización,Masculino,Frecuente,Noche,5,8,4,7,8,7,2,6,35,18
64,2025-11-07,Planta de alimentos,Masculino,Frecuente,Mañana,10,10,9,10,9,10,9,10,42,5
65,2025-11-07,Planta de alimentos,Masculino,Frecuente,Noche,6,9,8,9,8,8,8,5,75,10
66,2025-11-07,Farmacia,Femenino,Frecuente,Tarde,8,8,9,7,7,9,7,7,52,2
67,2025-11-07,Farmacia,Masculino,Nuevo,Mañana,6,6,7,4,8,6,7,7,48,12
68,2025-11-07,Planta de alimentos,Masculino,Frecuente,Mañana,8,7,5,5,9,8,7,8,29,5
69,2025-11-07,Farmacia,Masculino,Frecuente,Tarde,7,8,7,8,7,7,10,6,35,3
70,2025-11-08,Movilización,Femenino,Frecuente,Tarde,9,8,5,8,9,6,7,9,45,17
71,2025-11-08,Farmacia,Masculino,Frecuente,Tarde,8,9,7,9,8,6,9,8,29,11
72,2025-11-08,Farmacia,Femenino,Frecuente,Noche,7,8,6,8,7,6,5,5,36,2
73,2025-11-08,Movilización,Masculino,Frecuente,Mañana,8,7,8,8,10,9,9,9,44,18
74,2025-11-08,Planta de alimentos,Masculino,Nuevo,Mañana,6,6,7,8,7,5,5,6,39,2
75,2025-11-08,Planta de alimentos,Femenino,Nuevo,Tarde,8,10,7,9,9,9,10,8,42,6
76,2025-11-08,Farmacia,Masculino,Nuevo,Tarde,6,7,6,6,5,5,5,6,34,9
77,2025-11-08,Farmacia,Femenino,Frecuente,Mañana,8,7,9,10,8,8,7,7,50,5
78,2025-11-08,Planta de alimentos,Masculino,Frecuente,Tarde,10,10,9,9,9,8,10,10,39,3
79,2025-11-08,Movilización,Masculino,Frecuente,Noche,9,8,6,8,7,7,8,9,44,11
80,2025-11-08,Movilización,Femenino,Frecuente,Tarde,7,9,6,7,6,7,7,7,66,20
81,2025-11-08,Movilización,Masculino,Nuevo,Tarde,6,4,6,8,8,6,9,5,29,19
82,2025-11-08,Farmacia,Masculino,Frecuente,Tarde,8,6,7,8,7,8,8,8,57,18
83,2025-11-09,Planta de alimentos,Femenino,Frecuente,Mañana,9,8,7,7,9,9,9,8,48,3
84,2025-11-09,Farmacia,Masculino,Frecuente,Tarde,7,8,7,8,8,7,6,8,45,15
85,2025-11-09,Farmacia,Femenino,Nuevo,Noche,8,7,6,7,7,7,7,9,57,3
86,2025-11-09,Planta de alimentos,Masculino,Nuevo,Mañana,10,8,8,8,9,10,10,10,44,2
87,2025-11-09,Farmacia,Masculino,Frecuente,Mañana,7,6,8,7,8,9,6,6,30,3
88,2025-11-09,Movilización,Masculino,Nuevo,Noche,7,6,6,9,7,5,6,9,33,23
89,2025-11-09,Movilización,Masculino,Nuevo,Tarde,5,5,3,2,3,3,3,5,53,23
90,2025-11-09,Movilización,Otro,Nuevo,Mañana,5,7,4,6,7,6,6,5,75,18
91,2025-11-09,Farmacia,Masculino,Nuevo,Mañana,7,7,7,6,5,6,6,7,18,11
92,2025-11-10,Farmacia,Femenino,Frecuente,Noche,8,8,7,8,8,7,6,9,46,3
93,2025-11-10,Farmacia,Femenino,Frecuente,Tarde,7,5,6,7,5,5,6,6,23,10
94,2025-11-10,Movilización,Otro,Nuevo,Noche,4,6,6,6,6,6,5,5,47,20
95,2025-11-10,Farmacia,Masculino,Frecuente,Mañana,8,8,7,8,7,9,9,9,21,14
96,2025-11-10,Farmacia,Masculino,Frecuente,Mañana,8,7,6,7,7,8,9,8,28,9
97,2025-11-10,Farmacia,Masculino,Frecuente,Tarde,9,9,10,6,10,10,9,9,26,15
98,2025-11-10,Farmacia,Femenino,Nuevo,Tarde,7,8,4,6,10,8,7,9,25,14
99,2025-11-11,Movilización,Femenino,Nuevo,Mañana,6,7,7,5,7,8,6,5,49,17
100,2025-11-11,Planta de alimentos,Femenino,Nuevo,Tarde,6,7,4,6,5,5,6,7,38,5
101,2025-11-11,Planta de alimentos,Masculino,Nuevo,Tarde,6,8,7,7,8,8,6,6,54,9
102,2025-11-11,Planta de alimentos,Masculino,Frecuente,Mañana,8,9,8,8,7,9,8,9,60,3
103,2025-11-11,Planta de alimentos,Femenino,Frecuente,Mañana,8,8,6,8,6,8,6,8,52,2
104,2025-11-11,Planta de alimentos,Masculino,Nuevo,Tarde,9,8,7,8,8,8,8,10,44,12
105,2025-11-11,Planta de alimentos,Femenino,Nuevo,Mañana,8,7,8,7,8,6,6,8,25,2
106,2025-11-11,Farmacia,Masculino,Frecuente,Tarde,7,6,8,6,9,7,6,7,40,15
107,2025-11-11,Farmacia,Masculino,Nuevo,Tarde,7,7,5,9,7,5,8,9,44,12
108,2025-11-11,Farmacia,Femenino,Frecuente,Mañana,8,10,7,7,9,7,8,8,41,8
109,2025-11-12,Movilización,Masculino,Frecuente,Tarde,6,6,5,6,8,5,4,5,53,15
110,2025-11-12,Planta de alimentos,Femenino,Nuevo,Noche,7,6,7,7,7,6,5,7,30,7
111,2025-11-12,Farmacia,Femenino,Frecuente,Mañana,8,7,3,8,6,6,5,7,39,13
112,2025-11-12,Farmacia,Masculino,Frecuente,Mañana,7,8,9,9,8,8,7,8,57,13
113,2025-11-12,Farmacia,Masculino,Frecuente,Tarde,8,7,8,8,8,9,7,7,54,7
114,2025-11-12,Planta de alimentos,Masculino,Frecuente,Mañana,7,9,8,9,9,7,9,6,30,7
115,2025-11-12,Farmacia,Femenino,Frecuente,Tarde,10,8,6,7,7,7,7,10,20,9
116,2025-11-12,Movilización,Femenino,Frecuente,Mañana,6,10,8,8,7,7,6,7,47,16
117,2025-11-12,Movilización,Masculino,Frecuente,Noche,6,8,5,6,5,8,6,6,42,16
118,2025-11-12,Farmacia,Femenino,Frecuente,Tarde,8,7,4,7,7,6,7,7,60,11
119,2025-11-12,Farmacia,Femenino,Nuevo,Mañana,6,5,6,6,6,6,5,4,64,9
120,2025-11-12,Planta de alimentos,Femenino,Frecuente,Tarde,8,9,6,9,10,7,9,7,30,3
121,2025-11-12,Farmacia,Femenino,Frecuente,Tarde,6,6,6,6,8,7,5,7,18,6
122,2025-11-13,Movilización,Masculino,Nuevo,Tarde,5,5,3,6,4,6,6,5,47,19
123,2025-11-13,Movilización,Femenino,Frecuente,Mañana,6,7,6,6,7,7,6,5,56,23
124,2025-11-13,Movilización,Femenino,Frecuente,Noche,6,5,5,5,6,6,7,5,50,13
125,2025-11-13,Movilización,Masculino,Frecuente,Tarde,8,9,8,9,9,8,7,10,38,14
126,2025-11-13,Planta de alimentos,Femenino,Nuevo,Mañana,7,6,5,5,6,5,7,7,25,2
127,2025-11-13,Movilización,Femenino,Frecuente,Tarde,5,6,6,6,6,8,7,5,40,18
128,2025-11-13,Movilización,Masculino,Frecuente,Mañana,8,6,7,7,8,7,7,8,50,21
129,2025-11-13,Movilización,Masculino,Nuevo,Tarde,6,6,5,6,7,6,4,5,39,20
130,2025-11-13,Farmacia,Femenino,Frecuente,Mañana,7,9,9,6,8,8,8,8,65,6
131,2025-11-13,Farmacia,Masculino,Nuevo,Tarde,7,7,6,7,7,7,5,7,23,14
132,2025-11-14,Movilización,Femenino,Frecuente,Tarde,6,3,6,5,7,6,4,5,45,24
133,2025-11-14,Planta de alimentos,Masculino,Nuevo,Tarde,8,9,8,8,9,8,7,8,35,8
134,2025-11-14,Farmacia,Masculino,Nuevo,Tarde,6,7,6,8,7,7,7,6,36,9
135,2025-11-14,Movilización,Femenino,Nuevo,Noche,6,8,5,9,6,6,8,8,35,19
136,2025-11-14,Planta de alimentos,Femenino,Frecuente,Noche,8,8,9,9,7,7,6,7,18,2
137,2025-11-14,Movilización,Femenino,Nuevo,Tarde,7,7,6,6,8,6,6,7,55,11
138,2025-11-14,Movilización,Femenino,Frecuente,Mañana,8,9,8,8,9,8,10,9,40,13
139,2025-11-14,Farmacia,Masculino,Frecuente,Tarde,6,7,5,7,7,8,10,7,34,14
140,2025-11-14,Movilización,Femenino,Frecuente,Mañana,6,8,5,8,8,8,6,7,44,14
141,2025-11-14,Planta de alimentos,Femenino,Frecuente,Tarde,8,8,9,9,7,8,8,9,60,2
142,2025-11-15,Movilización,Masculino,Frecuente,Noche,6,6,8,4,9,7,6,6,52,16
143,2025-11-15,Movilización,Masculino,Nuevo,Tarde,6,5,5,4,7,6,5,6,39,13
144,2025-11-15,Planta de alimentos,Masculino,Frecuente,Mañana,5,6,5,4,6,6,5,5,40,9
145,2025-11-15,Farmacia,Femenino,Nuevo,Mañana,6,6,6,8,5,6,6,5,58,9
146,2025-11-15,Movilización,Femenino,Frecuente,Mañana,7,8,5,6,9,8,8,8,47,19
147,2025-11-15,Planta de alimentos,Masculino,Frecuente,Mañana,8,9,6,8,9,10,9,7,32,7
148,2025-11-15,Farmacia,Masculino,Nuevo,Mañana,6,7,6,5,9,8,8,6,66,10
149,2025-11-15,Farmacia,Masculino,Frecuente,Tarde,7,8,7,9,7,6,8,5,18,12
150,2025-11-15,Farmacia,Femenino,Frecuente,Tarde,7,7,6,7,9,5,7,7,46,7
151,2025-11-15,Movilización,Femenino,Nuevo,Mañana,7,7,6,6,7,5,6,8,25,20
152,2025-11-16,Farmacia,Femenino,Frecuente,Mañana,8,9,8,8,7,7,10,8,52,9
153,2025-11-16,Movilización,Femenino,Frecuente,Mañana,7,10,7,7,7,8,7,8,45,19
154,2025-11-16,Farmacia,Masculino,Frecuente,Tarde,8,9,7,8,9,9,6,8,51,9
155,2025-11-16,Farmacia,Femenino,Frecuente,Noche,4,4,3,5,6,6,6,5,61,12
156,2025-11-16,Planta de alimentos,Masculino,Frecuente,Tarde,7,8,8,8,7,8,6,8,43,14
157,2025-11-16,Movilización,Femenino,Frecuente,Noche,6,6,5,7,7,7,7,6,46,9
158,2025-11-17,Movilización,Femenino,Nuevo,Mañana,8,7,5,8,7,7,6,8,36,14
159,2025-11-17,Farmacia,Femenino,Frecuente,Mañana,8,9,9,9,6,7,9,9,41,9
160,2025-11-17,Movilización,Femenino,Frecuente,Mañana,9,10,6,8,8,7,7,8,18,11
161,2025-11-17,Farmacia,Masculino,Frecuente,Tarde,7,9,8,8,5,6,7,6,31,9
162,2025-11-17,Farmacia,Masculino,Nuevo,Tarde,5,6,5,5,6,6,4,3,26,17
163,2025-11-17,Movilización,Masculino,Frecuente,Mañana,7,7,5,6,6,7,6,7,32,10
164,2025-11-17,Farmacia,Femenino,Frecuente,Noche,6,6,6,6,7,6,7,6,48,6
165,2025-11-17,Planta de alimentos,Femenino,Frecuente,Noche,8,9,10,8,8,7,7,9,62,8
166,2025-11-17,Farmacia,Femenino,Nuevo,Mañana,7,7,9,6,7,8,7,7,56,7
167,2025-11-17,Farmacia,Femenino,Frecuente,Tarde,7,7,9,8,8,6,7,7,51,15
168,2025-11-17,Movilización,Femenino,Frecuente,Mañana,8,8,7,7,8,7,7,7,44,13
169,2025-11-17,Farmacia,Otro,Frecuente,Tarde,5,7,6,7,7,8,9,6,42,14
170,2025-11-18,Planta de alimentos,Masculino,Frecuente,Tarde,9,9,8,10,8,9,9,9,31,7
171,2025-11-18,Movilización,Masculino,Frecuente,Mañana,6,8,8,7,7,7,7,6,46,20
172,2025-11-18,Farmacia,Masculino,Frecuente,Tarde,10,8,8,9,8,8,9,10,45,9
173,2025-11-18,Farmacia,Masculino,Frecuente,Mañana,8,6,6,4,6,9,6,8,31,10
174,2025-11-18,Farmacia,Masculino,Nuevo,Tarde,5,8,2,6,8,8,7,6,27,8
175,2025-11-19,Movilización,Masculino,Frecuente,Tarde,8,7,6,9,5,6,7,7,18,16
176,2025-11-19,Planta de alimentos,Femenino,Frecuente,Tarde,7,9,7,8,8,5,8,7,31,10
177,2025-11-19,Farmacia,Masculino,Nuevo,Tarde,7,9,10,9,7,7,8,7,26,12
178,2025-11-19,Farmacia,Masculino,Nuevo,Noche,5,8,4,6,7,6,7,5,22,15
179,2025-11-19,Planta de alimentos,Masculino,Nuevo,Mañana,8,8,8,8,7,8,7,7,40,4
180,2025-11-19,Farmacia,Otro,Nuevo,Tarde,6,5,5,6,7,8,6,7,23,11
181,2025-11-19,Farmacia,Masculino,Frecuente,Noche,6,6,7,7,7,6,8,6,22,15
182,2025-11-20,Farmacia,Masculino,Frecuente,Tarde,7,7,8,10,7,9,8,7,64,5
183,2025-11-20,Movilización,Masculino,Frecuente,Tarde,7,7,7,7,10,9,5,8,56,8
184,2025-11-20,Movilización,Femenino,Frecuente,Noche,7,6,5,5,6,4,6,7,57,9
185,2025-11-20,Farmacia,Femenino,Frecuente,Tarde,9,7,7,8,7,7,10,9,73,11
186,2025-11-20,Farmacia,Femenino,Frecuente,Mañana,6,9,6,7,8,5,7,6,21,6
187,2025-11-21,Farmacia,Femenino,Frecuente,Mañana,8,10,8,9,8,7,9,6,32,8
188,2025-11-21,Movilización,Femenino,Frecuente,Mañana,7,7,9,10,8,6,6,8,24,13
189,2025-11-21,Movilización,Femenino,Frecuente,Noche,8,7,6,6,5,7,7,8,54,25
190,2025-11-21,Farmacia,Femenino,Nuevo,Noche,5,6,6,6,5,5,5,5,64,11
191,2025-11-21,Planta de alimentos,Masculino,Frecuente,Mañana,7,8,9,8,9,10,8,7,44,7
192,2025-11-21,Farmacia,Masculino,Frecuente,Mañana,7,9,5,8,8,9,6,7,49,11
193,2025-11-21,Farmacia,Masculino,Frecuente,Mañana,8,7,7,8,7,8,7,7,47,8
194,2025-11-21,Movilización,Femenino,Frecuente,Mañana,7,9,5,7,7,8,7,7,31,25
195,2025-11-22,Movilización,Masculino,Frecuente,Mañana,6,7,4,6,6,5,6,7,28,20
196,2025-11-22,Movilización,Femenino,Frecuente,Tarde,7,4,5,6,4,5,6,7,27,11
197,2025-11-22,Movilización,Masculino,Frecuente,Noche,5,6,7,6,6,7,5,4,36,14
198,2025-11-22,Farmacia,Femenino,Frecuente,Mañana,6,9,7,9,7,8,8,5,27,15
199,2025-11-22,Movilización,Masculino,Frecuente,Mañana,6,6,6,7,6,6,5,7,52,17
200,2025-11-23,Farmacia,Masculino,Frecuente,Tarde,6,9,9,8,7,6,5,6,30,16
201,2025-11-23,Movilización,Femenino,Nuevo,Tarde,7,8,7,7,8,7,6,7,75,15
202,2025-11-23,Planta de alimentos,Femenino,Frecuente,Noche,8,7,6,8,8,6,8,8,64,3
203,2025-11-23,Movilización,Femenino,Frecuente,Noche,7,7,5,6,8,7,7,8,35,12
204,2025-11-23,Movilización,Masculino,Nuevo,Mañana,6,7,7,8,6,6,6,6,41,18
205,2025-11-23,Farmacia,Masculino,Frecuente,Tarde,8,6,8,8,8,8,7,8,35,9
206,2025-11-23,Farmacia,Masculino,Frecuente,Mañana,9,8,5,8,7,7,7,8,38,8
207,2025-11-24,Farmacia,Femenino,Frecuente,Tarde,6,6,7,6,7,8,6,6,57,9
208,2025-11-24,Movilización,Femenino,Nuevo,Tarde,7,7,4,4,5,6,5,8,52,13
209,2025-11-24,Farmacia,Femenino,Nuevo,Tarde,6,6,6,6,7,5,6,5,44,7
210,2025-11-24,Movilización,Masculino,Frecuente,Mañana,7,7,6,7,7,8,8,5,45,16
211,2025-11-24,Farmacia,Femenino,Frecuente,Mañana,7,6,8,6,7,8,5,7,49,7
212,2025-11-24,Farmacia,Masculino,Frecuente,Mañana,6,8,5,8,8,6,6,5,32,5
213,2025-11-25,Planta de alimentos,Otro,Frecuente,Mañana,7,6,8,8,10,8,7,7,29,4
214,2025-11-25,Farmacia,Masculino,Frecuente,Tarde,8,8,6,7,5,6,4,7,33,11
215,2025-11-25,Planta de alimentos,Femenino,Frecuente,Tarde,9,8,5,8,8,8,5,7,46,3
216,2025-11-25,Planta de alimentos,Masculino,Nuevo,Mañana,6,7,6,7,8,7,6,7,58,8
217,2025-11-25,Planta de alimentos,Femenino,Frecuente,Mañana,8,7,7,8,7,8,9,8,32,2
218,2025-11-25,Movilización,Masculino,Nuevo,Mañana,6,4,3,6,6,6,4,5,51,14
219,2025-11-25,Farmacia,Masculino,Nuevo,Mañana,8,9,8,8,5,8,6,6,36,10
220,2025-11-25,Farmacia,Femenino,Frecuente,Mañana,7,8,8,6,8,7,7,7,23,7
221,2025-11-25,Farmacia,Femenino,Frecuente,Mañana,9,9,8,9,6,8,9,10,49,3
222,2025-11-25,Movilización,Femenino,Frecuente,Tarde,8,8,7,7,7,7,9,7,37,10
223,2025-11-25,Farmacia,Otro,Frecuente,Tarde,6,9,7,8,8,7,9,8,42,14
224,2025-11-26,Farmacia,Masculino,Frecuente,Mañana,8,6,7,9,7,9,8,7,43,6
225,2025-11-26,Movilización,Masculino,Frecuente,Mañana,8,7,7,8,9,7,7,10,41,15
226,2025-11-26,Movilización,Masculino,Frecuente,Tarde,6,7,6,6,6,7,5,5,42,21
227,2025-11-26,Farmacia,Femenino,Frecuente,Mañana,8,7,7,7,8,9,8,6,65,12
228,2025-11-26,Farmacia,Femenino,Frecuente,Noche,7,7,9,7,8,7,9,7,50,14
229,2025-11-26,Movilización,Femenino,Nuevo,Tarde,7,8,7,8,6,8,6,6,29,15
230,2025-11-26,Farmacia,Masculino,Nuevo,Tarde,6,8,5,7,6,5,5,6,51,11
231,2025-11-26,Movilización,Masculino,Nuevo,Mañana,6,6,8,8,7,6,7,6,37,16
232,2025-11-26,Movilización,Masculino,Nuevo,Tarde,6,7,6,5,6,7,6,6,37,11
233,2025-11-26,Farmacia,Masculino,Frecuente,Tarde,7,7,6,7,8,8,7,8,43,4
234,2025-11-27,Movilización,Femenino,Nuevo,Tarde,7,6,6,5,6,6,6,8,42,17
235,2025-11-27,Farmacia,Femenino,Frecuente,Mañana,9,7,7,7,7,9,8,8,59,10
236,2025-11-27,Farmacia,Masculino,Frecuente,Mañana,8,7,7,9,8,6,8,7,30,9
237,2025-11-27,Farmacia,Femenino,Nuevo,Tarde,4,5,6,5,5,8,5,5,45,11
238,2025-11-27,Movilización,Masculino,Frecuente,Noche,7,7,5,6,7,7,5,7,30,13
239,2025-11-27,Movilización,Femenino,Nuevo,Tarde,6,7,5,5,6,7,6,6,49,17
240,2025-11-27,Farmacia,Femenino,Nuevo,Tarde,8,8,7,7,6,7,7,6,43,17
241,2025-11-27,Farmacia,Masculino,Frecuente,Mañana,7,7,6,8,8,7,6,8,52,8
242,2025-11-28,Movilización,Femenino,Frecuente,Tarde,8,7,8,7,9,7,7,8,41,16
243,2025-11-28,Farmacia,Femenino,Frecuente,Tarde,8,10,9,9,7,10,8,8,24,10
244,2025-11-28,Planta de alimentos,Masculino,Frecuente,Mañana,6,7,8,7,6,9,7,5,37,5
245,2025-11-28,Farmacia,Masculino,Frecuente,Mañana,7,6,7,7,7,7,5,7,38,6
246,2025-11-28,Farmacia,Masculino,Nuevo,Tarde,7,6,7,6,8,7,5,8,45,11
247,2025-11-28,Farmacia,Femenino,Frecuente,Noche,7,7,7,8,7,7,6,6,41,13
248,2025-11-28,Farmacia,Femenino,Frecuente,Tarde,7,6,7,8,7,5,7,7,18,11
249,2025-11-28,Farmacia,Femenino,Nuevo,Mañana,8,9,8,8,8,8,8,8,50,13
250,2025-11-28,Planta de alimentos,Femenino,Frecuente,Mañana,6,7,7,6,8,8,7,7,58,3
251,2025-11-28,Movilización,Masculino,Frecuente,Mañana,8,8,8,6,7,7,7,7,44,20
252,2025-11-29,Movilización,Masculino,Frecuente,Tarde,6,7,5,7,6,8,5,6,43,21
253,2025-11-29,Planta de alimentos,Masculino,Nuevo,Tarde,8,7,7,9,7,8,6,8,28,6
254,2025-11-29,Movilización,Masculino,Nuevo,Noche,7,6,5,6,6,7,6,7,50,17
255,2025-11-29,Planta de alimentos,Masculino,Nuevo,Mañana,7,8,6,9,7,7,7,7,40,5
256,2025-11-29,Planta de alimentos,Femenino,Frecuente,Mañana,7,6,8,8,8,8,8,7,50,2
257,2025-11-29,Planta de alimentos,Femenino,Frecuente,Tarde,8,7,8,8,7,5,8,7,42,12
258,2025-11-29,Planta de alimentos,Femenino,Frecuente,Tarde,6,8,6,8,8,6,7,5,44,4
259,2025-11-29,Movilización,Masculino,Frecuente,Tarde,7,7,8,8,9,7,8,8,32,17
260,2025-11-29,Farmacia,Masculino,Frecuente,Mañana,6,8,8,9,7,6,7,6,36,11
261,2025-11-29,Farmacia,Femenino,Frecuente,Noche,7,6,6,7,6,6,5,6,54,3
262,2025-11-29,Movilización,Masculino,Frecuente,Tarde,6,6,7,6,9,6,6,5,40,15
263,2025-11-29,Farmacia,Femenino,Nuevo,Mañana,7,9,6,6,7,7,7,7,45,11
264,2025-11-29,Farmacia,Femenino,Nuevo,Noche,6,6,6,7,5,5,5,8,62,11
265,2025-11-30,Farmacia,Femenino,Nuevo,Tarde,6,6,5,8,7,6,6,8,67,9
266,2025-11-30,Movilización,Femenino,Frecuente,Tarde,4,7,7,8,7,7,8,5,32,15
267,2025-11-30,Movilización,Masculino,Frecuente,Noche,6,7,6,7,9,7,5,5,41,15
268,2025-11-30,Planta de alimentos,Femenino,Frecuente,Tarde,7,10,7,9,10,10,8,6,45,7
269,2025-11-30,Farmacia,Femenino,Frecuente,Noche,4,5,6,7,6,7,7,4,46,2
270,2025-11-30,Farmacia,Masculino,Frecuente,Noche,9,7,7,9,8,8,9,10,33,12
271,2025-11-30,Movilización,Femenino,Nuevo,Tarde,4,6,6,3,4,5,5,6,44,18
272,2025-11-30,Farmacia,Femenino,Frecuente,Noche,4,6,6,7,7,6,8,4,66,14
273,2025-12-01,Planta de alimentos,Masculino,Nuevo,Tarde,6,7,5,5,6,5,6,7,22,9
274,2025-12-01,Movilización,Masculino,Nuevo,Tarde,6,7,7,4,6,3,3,6,48,19
275,2025-12-01,Planta de alimentos,Femenino,Frecuente,Mañana,8,8,7,7,7,7,7,7,43,5
276,2025-12-01,Planta de alimentos,Femenino,Nuevo,Mañana,7,9,7,8,6,8,9,8,39,2
277,2025-12-02,Movilización,Masculino,Frecuente,Mañana,7,4,8,6,8,8,8,5,56,14
278,2025-12-02,Farmacia,Masculino,Frecuente,Tarde,8,7,6,6,7,8,7,8,41,4
279,2025-12-02,Planta de alimentos,Femenino,Frecuente,Mañana,9,9,8,9,10,8,8,8,74,2
280,2025-12-02,Movilización,Femenino,Frecuente,Tarde,6,9,9,8,7,9,6,6,30,17
281,2025-12-02,Farmacia,Femenino,Frecuente,Noche,6,7,5,7,7,6,8,6,26,10
282,2025-12-02,Movilización,Femenino,Frecuente,Tarde,7,7,7,7,9,8,7,5,31,20
283,2025-12-02,Movilización,Femenino,Frecuente,Mañana,8,8,7,10,9,9,10,9,43,14
284,2025-12-02,Movilización,Femenino,Nuevo,Mañana,7,7,5,5,4,5,6,4,51,19
285,2025-12-02,Movilización,Masculino,Frecuente,Tarde,8,8,7,9,8,8,5,7,50,16
286,2025-12-03,Planta de alimentos,Femenino,Nuevo,Mañana,6,6,9,7,6,8,7,6,26,4
287,2025-12-03,Movilización,Femenino,Frecuente,Mañana,8,7,7,8,8,7,9,8,47,9
288,2025-12-03,Farmacia,Masculino,Nuevo,Tarde,6,7,6,6,6,7,6,7,53,14
289,2025-12-03,Movilización,Femenino,Frecuente,Tarde,7,8,6,9,7,5,8,5,26,24
290,2025-12-03,Farmacia,Femenino,Frecuente,Tarde,5,7,5,7,7,6,6,5,60,11
291,2025-12-03,Farmacia,Femenino,Frecuente,Mañana,9,7,7,9,8,10,8,8,30,9
292,2025-12-03,Farmacia,Masculino,Nuevo,Mañana,6,7,5,6,8,6,6,5,43,10
293,2025-12-03,Planta de alimentos,Femenino,Frecuente,Mañana,10,10,10,10,10,10,9,9,55,6
294,2025-12-03,Planta de alimentos,Femenino,Frecuente,Tarde,10,10,8,7,8,8,9,10,36,4
295,2025-12-03,Movilización,Femenino,Frecuente,Mañana,9,8,9,9,10,7,8,10,18,8
296,2025-12-03,Planta de alimentos,Masculino,Nuevo,Tarde,7,8,4,5,8,5,7,6,46,7
297,2025-12-03,Movilización,Masculino,Frecuente,Noche,8,8,8,8,8,6,7,9,29,15
298,2025-12-04,Movilización,Otro,Frecuente,Tarde,6,8,5,9,8,6,8,6,48,12
299,2025-12-04,Planta de alimentos,Femenino,Frecuente,Noche,6,9,8,9,7,8,5,5,37,9
300,2025-12-04,Farmacia,Masculino,Frecuente,Mañana,5,5,4,6,6,7,6,4,65,11
301,2025-12-04,Farmacia,Masculino,Frecuente,Tarde,7,9,7,9,8,7,6,7,42,3
302,2025-12-04,Farmacia,Femenino,Nuevo,Mañana,9,7,9,10,8,8,8,8,39,15
303,2025-12-04,Movilización,Masculino,Nuevo,Mañana,7,7,6,5,7,8,7,7,49,16
304,2025-12-04,Planta de alimentos,Femenino,Frecuente,Noche,5,9,5,6,8,6,7,5,48,12
305,2025-12-04,Movilización,Femenino,Frecuente,Tarde,5,4,3,3,5,4,4,4,62,17
306,2025-12-05,Movilización,Femenino,Nuevo,Tarde,3,7,6,5,5,6,6,4,30,17
307,2025-12-05,Farmacia,Masculino,Frecuente,Noche,7,8,5,6,6,6,7,6,68,10
308,2025-12-05,Farmacia,Masculino,Nuevo,Mañana,6,7,6,6,8,7,6,6,42,9
309,2025-12-05,Farmacia,Masculino,Nuevo,Tarde,7,5,7,7,8,5,7,6,20,10
310,2025-12-05,Farmacia,Otro,Frecuente,Noche,6,6,5,6,9,7,6,6,28,10
311,2025-12-05,Farmacia,Femenino,Nuevo,Tarde,6,8,6,8,6,7,7,6,58,11
312,2025-12-05,Planta de alimentos,Masculino,Frecuente,Tarde,5,7,7,5,7,6,7,4,41,2
313,2025-12-05,Movilización,Otro,Nuevo,Tarde,3,4,7,4,3,4,5,4,26,19
314,2025-12-05,Farmacia,Masculino,Frecuente,Tarde,8,5,6,7,6,5,6,8,23,13
315,2025-12-05,Movilización,Masculino,Nuevo,Mañana,7,5,7,6,8,6,6,5,57,15
316,2025-12-06,Farmacia,Otro,Frecuente,Tarde,10,9,7,9,8,9,10,10,25,6
317,2025-12-06,Planta de alimentos,Femenino,Frecuente,Mañana,9,10,8,10,8,8,8,8,43,3
318,2025-12-06,Farmacia,Masculino,Frecuente,Tarde,8,8,7,7,5,8,7,8,45,7
319,2025-12-06,Planta de alimentos,Masculino,Nuevo,Mañana,9,8,8,8,8,6,9,10,21,6
320,2025-12-06,Movilización,Masculino,Frecuente,Mañana,6,9,9,6,6,9,7,7,53,16
321,2025-12-06,Planta de alimentos,Femenino,Frecuente,Mañana,9,9,8,8,10,10,9,9,25,3
322,2025-12-06,Planta de alimentos,Femenino,Frecuente,Noche,7,7,6,7,8,7,7,8,48,5
323,2025-12-06,Movilización,Masculino,Nuevo,Mañana,7,5,6,7,7,6,5,7,74,15
324,2025-12-06,Movilización,Femenino,Frecuente,Noche,7,8,6,8,8,7,8,7,42,17
325,2025-12-06,Planta de alimentos,Masculino,Nuevo,Tarde,5,6,5,8,6,7,7,4,42,14
326,2025-12-07,Farmacia,Femenino,Frecuente,Tarde,7,6,7,9,5,9,8,7,34,11
327,2025-12-07,Farmacia,Masculino,Frecuente,Noche,9,8,6,7,6,6,7,8,42,5
328,2025-12-07,Planta de alimentos,Femenino,Nuevo,Tarde,8,6,7,7,6,9,7,8,18,7
329,2025-12-07,Movilización,Femenino,Frecuente,Mañana,7,7,5,7,8,8,7,6,52,16
330,2025-12-07,Planta de alimentos,Femenino,Frecuente,Noche,8,8,8,9,8,7,7,6,48,8
331,2025-12-07,Farmacia,Masculino,Frecuente,Mañana,6,8,7,7,8,7,5,7,63,11
332,2025-12-07,Farmacia,Masculino,Frecuente,Mañana,6,9,7,7,8,7,6,7,54,10
333,2025-12-07,Planta de alimentos,Femenino,Frecuente,Tarde,8,7,7,6,7,9,8,7,23,14
334,2025-12-07,Farmacia,Masculino,Frecuente,Noche,6,7,5,6,7,5,4,6,27,12
335,2025-12-07,Movilización,Masculino,Nuevo,Tarde,5,7,6,5,8,5,6,5,46,22
336,2025-12-07,Movilización,Masculino,Frecuente,Tarde,6,9,7,7,6,6,7,6,60,16
337,2025-12-07,Farmacia,Femenino,Frecuente,Tarde,8,9,10,9,10,10,8,9,24,8
338,2025-12-08,Farmacia,Femenino,Frecuente,Tarde,7,8,6,8,7,9,7,7,44,8
339,2025-12-08,Planta de alimentos,Femenino,Nuevo,Mañana,7,9,7,7,6,8,7,7,47,4
340,2025-12-08,Planta de alimentos,Femenino,Frecuente,Tarde,8,10,9,10,9,9,9,9,40,6
341,2025-12-08,Movilización,Femenino,Frecuente,Tarde,7,8,7,7,9,7,4,7,43,15
342,2025-12-08,Farmacia,Femenino,Frecuente,Tarde,6,7,6,8,7,6,6,5,43,10
343,2025-12-08,Planta de alimentos,Masculino,Nuevo,Tarde,5,5,5,7,8,8,7,6,40,7
344,2025-12-08,Farmacia,Masculino,Frecuente,Mañana,7,8,8,8,7,7,5,6,55,6
345,2025-12-08,Movilización,Masculino,Nuevo,Tarde,6,6,8,9,5,7,7,7,65,12
346,2025-12-08,Movilización,Femenino,Nuevo,Noche,5,6,5,7,5,5,6,3,34,17
347,2025-12-08,Farmacia,Masculino,Nuevo,Tarde,8,6,7,7,7,9,8,8,48,9
348,2025-12-08,Farmacia,Masculino,Frecuente,Mañana,10,10,10,10,10,9,10,10,47,8
349,2025-12-08,Movilización,Femenino,Nuevo,Tarde,8,6,5,9,7,6,7,7,44,12
350,2025-12-09,Planta de alimentos,Femenino,Nuevo,Mañana,9,8,7,5,8,7,7,8,59,8
351,2025-12-09,Planta de alimentos,Femenino,Frecuente,Mañana,8,10,9,9,9,8,10,9,32,10
352,2025-12-09,Farmacia,Masculino,Nuevo,Mañana,9,7,8,7,7,7,6,9,75,5
353,2025-12-09,Movilización,Femenino,Nuevo,Tarde,6,5,5,5,6,5,4,5,43,18
354,2025-12-09,Farmacia,Femenino,Nuevo,Noche,5,7,6,7,4,5,5,5,22,14
355,2025-12-09,Movilización,Femenino,Nuevo,Mañana,7,7,7,7,9,8,6,8,39,10
356,2025-12-09,Farmacia,Masculino,Frecuente,Tarde,6,8,5,7,8,7,7,5,33,9
357,2025-12-09,Movilización,Femenino,Frecuente,Noche,8,7,7,8,8,7,6,8,39,15
358,2025-12-09,Farmacia,Femenino,Nuevo,Noche,5,7,5,5,6,6,5,5,46,10
359,2025-12-09,Movilización,Femenino,Frecuente,Tarde,6,6,6,8,9,4,6,5,36,18
360,2025-12-09,Farmacia,Femenino,Frecuente,Mañana,10,10,8,7,7,8,9,10,38,4
361,2025-12-09,Movilización,Masculino,Nuevo,Noche,4,4,3,5,5,8,3,4,32,18
362,2025-12-09,Movilización,Masculino,Frecuente,Mañana,8,8,8,8,9,10,7,8,49,19
363,2025-12-09,Movilización,Masculino,Frecuente,Tarde,8,7,6,8,8,6,8,8,53,15
364,2025-12-09,Movilización,Masculino,Frecuente,Mañana,7,8,9,8,8,7,8,7,37,14
365,2025-12-09,Planta de alimentos,Femenino,Frecuente,Tarde,6,6,7,8,6,8,6,7,48,10
366,2025-12-09,Planta de alimentos,Masculino,Frecuente,Tarde,7,8,8,9,8,9,8,7,36,6
367,2025-12-10,Movilización,Femenino,Nuevo,Noche,5,6,4,6,7,7,6,6,40,16
368,2025-12-10,Movilización,Masculino,Frecuente,Tarde,7,8,9,9,9,8,10,7,33,12
369,2025-12-10,Farmacia,Masculino,Frecuente,Noche,9,9,7,7,8,8,9,9,48,4
370,2025-12-10,Movilización,Femenino,Nuevo,Mañana,6,8,7,6,5,7,7,6,32,15
371,2025-12-10,Planta de alimentos,Femenino,Frecuente,Mañana,7,8,9,10,7,9,9,7,53,7
372,2025-12-10,Movilización,Masculino,Frecuente,Mañana,8,7,9,8,9,9,10,8,50,17
373,2025-12-10,Farmacia,Masculino,Nuevo,Tarde,8,8,6,8,7,7,8,8,21,10
374,2025-12-10,Movilización,Masculino,Frecuente,Mañana,7,7,8,7,7,9,8,6,31,10
375,2025-12-10,Farmacia,Masculino,Frecuente,Mañana,10,9,9,8,8,9,9,9,33,8
376,2025-12-10,Movilización,Femenino,Frecuente,Tarde,7,9,8,6,8,5,7,7,44,15
377,2025-12-10,Farmacia,Masculino,Frecuente,Noche,9,8,6,7,7,9,9,10,53,9
378,2025-12-10,Farmacia,Femenino,Nuevo,Noche,5,8,6,6,7,7,5,4,39,13
379,2025-12-11,Movilización,Femenino,Frecuente,Tarde,4,7,5,6,5,5,5,4,31,18
380,2025-12-11,Planta de alimentos,Femenino,Frecuente,Noche,9,6,8,9,9,9,7,10,53,4
381,2025-12-11,Movilización,Femenino,Nuevo,Mañana,3,5,2,4,4,4,3,2,38,19
382,2025-12-11,Movilización,Masculino,Frecuente,Tarde,5,6,5,7,7,7,6,5,37,13
383,2025-12-11,Farmacia,Masculino,Nuevo,Tarde,8,8,7,9,9,7,6,7,45,5
384,2025-12-12,Movilización,Masculino,Nuevo,Tarde,5,4,5,8,5,6,6,4,46,15
385,2025-12-12,Farmacia,Femenino,Frecuente,Mañana,9,8,9,6,9,7,7,9,49,11
386,2025-12-12,Planta de alimentos,Masculino,Nuevo,Mañana,7,7,7,8,7,5,8,7,18,11
387,2025-12-12,Farmacia,Masculino,Nuevo,Mañana,6,8,8,5,5,5,8,5,36,11
388,2025-12-12,Movilización,Femenino,Nuevo,Noche,5,6,5,7,6,4,5,5,48,21
389,2025-12-12,Planta de alimentos,Masculino,Nuevo,Tarde,9,7,8,6,8,8,10,9,18,4
390,2025-12-12,Farmacia,Masculino,Frecuente,Mañana,7,7,6,8,8,8,8,8,25,15
391,2025-12-12,Movilización,Femenino,Frecuente,Tarde,6,7,5,7,8,7,7,5,34,10
392,2025-12-13,Farmacia,Femenino,Frecuente,Mañana,10,8,8,9,9,9,8,9,45,4
393,2025-12-13,Movilización,Masculino,Frecuente,Noche,6,5,5,6,6,7,5,5,18,14
394,2025-12-13,Farmacia,Otro,Frecuente,Noche,7,10,7,9,9,8,8,8,60,2
395,2025-12-13,Movilización,Femenino,Frecuente,Noche,8,7,7,9,7,6,7,7,54,13
396,2025-12-14,Farmacia,Masculino,Nuevo,Tarde,9,7,5,8,8,9,8,9,50,6
397,2025-12-14,Farmacia,Masculino,Frecuente,Noche,9,7,8,7,8,6,6,9,47,6
398,2025-12-14,Movilización,Femenino,Frecuente,Noche,6,5,5,6,6,7,6,6,41,17
399,2025-12-14,Planta de alimentos,Masculino,Nuevo,Mañana,6,9,9,6,8,8,8,6,34,7
400,2025-12-14,Movilización,Femenino,Nuevo,Tarde,8,8,7,8,8,7,6,8,55,8
401,2025-12-14,Planta de alimentos,Masculino,Nuevo,Tarde,4,6,5,5,6,6,5,4,44,11
402,2025-12-14,Planta de alimentos,Masculino,Nuevo,Tarde,8,7,5,8,8,7,6,9,50,7
403,2025-12-15,Movilización,Femenino,Nuevo,Noche,6,7,7,8,6,6,7,7,39,19
404,2025-12-15,Farmacia,Masculino,Frecuente,Tarde,7,7,9,8,7,6,8,6,47,11
405,2025-12-15,Movilización,Femenino,Frecuente,Noche,8,9,6,6,7,7,8,8,38,17
406,2025-12-15,Farmacia,Masculino,Frecuente,Tarde,7,5,9,7,8,6,6,6,33,13
407,2025-12-15,Farmacia,Masculino,Frecuente,Mañana,9,9,8,9,8,10,9,9,57,10
408,2025-12-15,Movilización,Masculino,Frecuente,Tarde,6,6,6,5,9,7,7,6,51,16
409,2025-12-15,Movilización,Masculino,Nuevo,Tarde,6,8,8,7,7,7,6,6,57,15
410,2025-12-15,Planta de alimentos,Femenino,Nuevo,Tarde,7,7,7,9,7,6,6,6,68,2
411,2025-12-16,Farmacia,Femenino,Frecuente,Tarde,7,8,7,7,6,6,7,8,24,11
412,2025-12-16,Movilización,Masculino,Frecuente,Tarde,8,7,6,7,9,6,8,8,22,17
413,2025-12-16,Planta de alimentos,Masculino,Frecuente,Mañana,10,10,8,8,9,8,9,10,31,5
414,2025-12-16,Farmacia,Femenino,Nuevo,Noche,6,8,7,7,7,6,5,5,32,9
415,2025-12-16,Planta de alimentos,Masculino,Nuevo,Noche,4,5,4,5,5,4,4,4,38,10
416,2025-12-16,Farmacia,Masculino,Nuevo,Noche,8,8,8,8,6,7,7,8,37,8
417,2025-12-16,Movilización,Femenino,Frecuente,Tarde,10,8,8,7,7,8,6,10,36,13
418,2025-12-16,Farmacia,Femenino,Frecuente,Noche,9,7,8,7,8,7,8,9,29,8
419,2025-12-16,Farmacia,Femenino,Frecuente,Tarde,9,8,9,9,9,7,6,9,75,10
420,2025-12-16,Farmacia,Masculino,Frecuente,Noche,8,8,8,8,10,9,8,8,49,12
421,2025-12-16,Movilización,Masculino,Frecuente,Tarde,5,7,9,7,7,7,7,5,25,17
422,2025-12-16,Movilización,Femenino,Frecuente,Mañana,6,7,9,8,5,9,8,7,44,12
423,2025-12-17,Movilización,Masculino,Frecuente,Mañana,8,7,6,8,6,8,5,9,69,14
424,2025-12-17,Movilización,Masculino,Nuevo,Tarde,6,6,7,6,4,5,7,7,18,16
425,2025-12-17,Movilización,Femenino,Nuevo,Tarde,4,6,7,3,4,4,4,4,32,9
426,2025-12-17,Planta de alimentos,Femenino,Frecuente,Mañana,7,8,8,7,8,7,7,6,53,2
427,2025-12-17,Farmacia,Otro,Frecuente,Mañana,8,9,8,8,8,8,6,7,45,8
428,2025-12-17,Planta de alimentos,Femenino,Frecuente,Mañana,8,8,9,8,9,10,8,7,30,2
429,2025-12-17,Planta de alimentos,Femenino,Nuevo,Mañana,10,7,8,9,8,10,6,10,56,7
430,2025-12-17,Movilización,Masculino,Frecuente,Mañana,7,8,7,8,8,5,6,7,35,12
431,2025-12-17,Planta de alimentos,Femenino,Frecuente,Mañana,8,8,7,8,9,8,7,7,57,2
432,2025-12-17,Planta de alimentos,Masculino,Nuevo,Mañana,9,9,8,9,8,9,10,10,36,2
433,2025-12-17,Movilización,Masculino,Nuevo,Tarde,7,6,5,6,6,6,7,8,41,20
434,2025-12-17,Planta de alimentos,Femenino,Nuevo,Mañana,6,7,8,8,8,6,6,6,24,12
435,2025-12-17,Movilización,Femenino,Frecuente,Noche,8,8,9,8,9,9,8,7,36,17
436,2025-12-17,Planta de alimentos,Femenino,Nuevo,Mañana,7,8,7,7,10,7,8,7,45,2
437,2025-12-17,Planta de alimentos,Femenino,Frecuente,Tarde,7,8,8,7,6,8,8,7,28,8
438,2025-12-17,Planta de alimentos,Femenino,Frecuente,Noche,8,8,7,7,9,8,9,7,54,3
439,2025-12-18,Planta de alimentos,Masculino,Nuevo,Tarde,8,6,6,8,9,6,8,7,35,2
440,2025-12-18,Movilización,Masculino,Nuevo,Tarde,8,9,6,9,8,6,8,8,44,17
441,2025-12-18,Movilización,Masculino,Nuevo,Tarde,6,7,4,6,5,6,6,6,27,15
442,2025-12-18,Planta de alimentos,Masculino,Frecuente,Mañana,8,9,7,8,9,10,8,7,31,3
443,2025-12-18,Farmacia,Masculino,Nuevo,Tarde,7,5,6,7,7,7,7,7,47,11
444,2025-12-18,Farmacia,Masculino,Nuevo,Noche,6,7,6,6,8,9,8,6,51,14
445,2025-12-18,Movilización,Masculino,Frecuente,Mañana,7,6,7,9,7,9,6,7,27,12
446,2025-12-18,Movilización,Femenino,Nuevo,Tarde,6,6,6,9,6,6,6,6,68,11
447,2025-12-18,Planta de alimentos,Masculino,Nuevo,Mañana,10,10,9,10,9,8,8,8,36,2
448,2025-12-19,Farmacia,Femenino,Frecuente,Tarde,8,8,8,7,9,8,8,8,75,11
449,2025-12-19,Farmacia,Masculino,Frecuente,Mañana,7,9,8,7,9,7,7,6,42,13
450,2025-12-19,Planta de alimentos,Femenino,Frecuente,Noche,9,8,8,6,7,7,9,8,33,2
451,2025-12-19,Movilización,Femenino,Nuevo,Tarde,5,4,4,6,5,6,6,4,32,15
452,2025-12-19,Farmacia,Masculino,Frecuente,Mañana,8,9,7,8,9,9,8,8,38,4
453,2025-12-19,Planta de alimentos,Femenino,Frecuente,Noche,7,8,7,7,9,8,6,7,34,5
454,2025-12-19,Movilización,Femenino,Frecuente,Tarde,10,9,9,9,7,7,8,10,27,9
455,2025-12-19,Planta de alimentos,Masculino,Frecuente,Tarde,10,10,8,9,8,8,8,10,54,2
456,2025-12-19,Planta de alimentos,Femenino,Frecuente,Mañana,8,8,7,7,9,6,7,8,56,2
457,2025-12-19,Movilización,Femenino,Nuevo,Tarde,6,9,6,7,6,7,7,5,40,17
458,2025-12-20,Farmacia,Femenino,Frecuente,Mañana,8,7,6,7,9,8,6,9,44,6
459,2025-12-20,Farmacia,Masculino,Frecuente,Tarde,8,7,6,6,6,6,7,7,31,6
460,2025-12-20,Planta de alimentos,Masculino,Frecuente,Mañana,9,10,8,9,10,9,9,9,75,10
461,2025-12-20,Farmacia,Otro,Nuevo,Mañana,6,7,7,8,6,5,7,6,44,13
462,2025-12-21,Movilización,Masculino,Nuevo,Noche,6,5,7,5,7,7,6,5,27,18
463,2025-12-21,Farmacia,Otro,Nuevo,Mañana,6,8,5,8,6,8,7,6,18,12
464,2025-12-21,Movilización,Femenino,Frecuente,Tarde,6,8,8,7,6,7,9,5,49,17
465,2025-12-21,Farmacia,Femenino,Frecuente,Noche,10,10,7,9,8,9,10,10,50,5
466,2025-12-21,Farmacia,Femenino,Frecuente,Mañana,8,9,7,7,8,8,8,9,52,10
467,2025-12-21,Farmacia,Femenino,Frecuente,Mañana,6,7,6,6,6,8,6,6,58,13
468,2025-12-21,Movilización,Masculino,Nuevo,Tarde,7,6,7,6,5,6,6,7,50,22
469,2025-12-21,Farmacia,Femenino,Frecuente,Tarde,5,7,8,7,7,7,8,6,49,11
470,2025-12-21,Movilización,Masculino,Frecuente,Tarde,8,8,8,7,8,6,7,8,39,16
471,2025-12-21,Planta de alimentos,Femenino,Nuevo,Tarde,6,6,5,4,6,5,4,5,33,12
472,2025-12-21,Planta de alimentos,Otro,Frecuente,Tarde,9,9,10,10,10,8,8,9,18,6
473,2025-12-22,Planta de alimentos,Femenino,Frecuente,Tarde,9,8,7,9,9,7,9,10,37,3
474,2025-12-22,Farmacia,Masculino,Nuevo,Mañana,6,5,6,5,4,8,6,5,18,10
475,2025-12-22,Farmacia,Masculino,Frecuente,Noche,5,6,4,7,7,5,8,7,42,9
476,2025-12-22,Movilización,Femenino,Frecuente,Mañana,7,9,8,9,6,9,8,6,39,13
477,2025-12-22,Movilización,Femenino,Frecuente,Tarde,10,9,9,7,8,8,8,10,18,13
478,2025-12-22,Farmacia,Femenino,Frecuente,Noche,6,6,6,5,5,7,8,5,27,7
479,2025-12-22,Farmacia,Femenino,Frecuente,Mañana,8,8,9,7,7,8,7,8,29,13
480,2025-12-23,Planta de alimentos,Femenino,Frecuente,Mañana,8,7,9,9,9,7,10,8,45,2
481,2025-12-23,Farmacia,Femenino,Frecuente,Mañana,6,7,5,7,8,8,7,6,51,11
482,2025-12-23,Planta de alimentos,Femenino,Frecuente,Mañana,7,7,9,10,7,9,7,6,50,2
483,2025-12-23,Planta de alimentos,Femenino,Frecuente,Mañana,8,7,5,9,8,7,6,7,49,6
484,2025-12-23,Farmacia,Femenino,Frecuente,Tarde,8,10,8,6,8,8,8,6,40,10
485,2025-12-23,Movilización,Femenino,Nuevo,Mañana,6,6,6,5,6,4,4,5,55,14
486,2025-12-23,Movilización,Femenino,Nuevo,Tarde,7,8,6,5,7,8,7,7,29,21
487,2025-12-23,Farmacia,Femenino,Nuevo,Mañana,6,5,5,5,8,7,4,6,28,7
488,2025-12-23,Farmacia,Masculino,Frecuente,Mañana,5,7,8,7,6,8,4,5,67,6
489,2025-12-23,Farmacia,Masculino,Frecuente,Noche,6,5,6,4,7,5,6,5,36,14
490,2025-12-23,Planta de alimentos,Femenino,Frecuente,Mañana,9,8,10,9,8,8,8,10,59,6
491,2025-12-23,Movilización,Femenino,Frecuente,Mañana,8,9,7,8,7,7,7,9,39,12
492,2025-12-24,Farmacia,Femenino,Frecuente,Tarde,8,6,8,7,7,5,8,8,42,3
493,2025-12-24,Farmacia,Femenino,Nuevo,Tarde,7,6,8,5,7,7,5,6,54,6
494,2025-12-24,Farmacia,Masculino,Nuevo,Noche,7,8,6,6,8,7,5,8,38,7
495,2025-12-24,Movilización,Masculino,Frecuente,Mañana,8,6,7,7,7,5,7,10,48,14
496,2025-12-24,Planta de alimentos,Femenino,Frecuente,Mañana,9,7,10,8,10,9,7,8,31,2
497,2025-12-24,Planta de alimentos,Femenino,Nuevo,Mañana,6,7,6,7,8,6,9,6,72,13
498,2025-12-24,Movilización,Masculino,Frecuente,Mañana,7,8,7,7,9,8,7,7,27,15
499,2025-12-24,Movilización,Masculino,Frecuente,Tarde,7,6,5,6,6,6,6,7,43,14
500,2025-12-24,Planta de alimentos,Femenino,Frecuente,Noche,7,7,8,7,9,9,7,8,33,5
501,2025-12-24,Farmacia,Masculino,Frecuente,Tarde,6,6,7,9,7,5,9,8,53,12
502,2025-12-24,Movilización,Femenino,Nuevo,Mañana,8,6,6,8,9,6,7,7,44,11
503,2025-12-24,Planta de alimentos,Femenino,Frecuente,Noche,9,7,8,8,9,10,8,7,50,5
504,2025-12-24,Movilización,Masculino,Frecuente,Mañana,7,8,8,8,7,8,9,6,35,14
505,2025-12-24,Farmacia,Femenino,Frecuente,Tarde,7,7,8,8,10,9,7,7,34,9
506,2025-12-25,Farmacia,Masculino,Frecuente,Mañana,7,10,7,7,8,7,8,7,19,10
507,2025-12-25,Farmacia,Masculino,Frecuente,Tarde,6,6,7,7,8,9,6,7,32,16
508,2025-12-25,Farmacia,Femenino,Frecuente,Mañana,9,8,8,8,9,7,8,9,29,10
509,2025-12-25,Farmacia,Femenino,Frecuente,Tarde,6,7,6,6,6,7,6,7,45,8
510,2025-12-25,Farmacia,Masculino,Frecuente,Mañana,8,10,8,7,9,10,9,8,18,7
511,2025-12-25,Movilización,Femenino,Frecuente,Tarde,7,8,4,10,9,9,8,6,44,16
512,2025-12-25,Movilización,Masculino,Nuevo,Mañana,7,4,6,5,7,4,7,8,39,17
513,2025-12-25,Farmacia,Femenino,Frecuente,Mañana,8,7,8,7,8,9,9,7,46,7
514,2025-12-25,Movilización,Femenino,Frecuente,Mañana,8,10,10,10,9,9,10,8,51,11
515,2025-12-25,Farmacia,Femenino,Nuevo,Tarde,9,9,6,9,8,7,9,9,38,11
516,2025-12-25,Movilización,Femenino,Nuevo,Noche,8,8,5,5,6,6,4,8,29,14
517,2025-12-26,Movilización,Masculino,Nuevo,Noche,8,6,7,8,8,8,6,9,49,18
518,2025-12-26,Movilización,Femenino,Nuevo,Mañana,6,6,5,8,6,8,7,6,32,14
519,2025-12-26,Farmacia,Masculino,Frecuente,Mañana,8,8,9,10,8,9,8,8,25,5
520,2025-12-26,Farmacia,Masculino,Frecuente,Mañana,8,9,8,6,9,8,8,9,35,7
521,2025-12-26,Movilización,Femenino,Frecuente,Mañana,7,7,6,7,9,6,7,7,20,21
522,2025-12-26,Movilización,Femenino,Frecuente,Tarde,5,6,5,8,7,5,6,6,33,15
523,2025-12-26,Planta de alimentos,Femenino,Frecuente,Tarde,8,8,7,7,8,7,7,8,75,2
524,2025-12-27,Movilización,Masculino,Nuevo,Mañana,6,6,5,4,6,7,6,7,44,16
525,2025-12-27,Farmacia,Femenino,Frecuente,Tarde,7,6,8,7,8,7,10,7,31,5
526,2025-12-27,Planta de alimentos,Masculino,Nuevo,Mañana,7,9,8,8,9,9,8,6,37,7
527,2025-12-27,Farmacia,Femenino,Frecuente,Tarde,9,7,6,8,9,9,5,9,68,6
528,2025-12-27,Movilización,Masculino,Nuevo,Mañana,7,8,8,8,7,5,7,8,46,12
529,2025-12-27,Farmacia,Femenino,Nuevo,Tarde,6,7,5,6,6,5,6,7,36,13
530,2025-12-27,Movilización,Femenino,Frecuente,Mañana,8,8,7,7,8,8,7,8,36,10
531,2025-12-27,Planta de alimentos,Femenino,Nuevo,Mañana,8,9,8,9,8,10,9,7,42,2
532,2025-12-27,Farmacia,Masculino,Nuevo,Mañana,5,6,7,9,8,7,9,6,57,15
533,2025-12-28,Farmacia,Femenino,Frecuente,Tarde,7,8,7,7,8,5,9,7,35,12
534,2025-12-28,Farmacia,Femenino,Frecuente,Tarde,8,9,6,10,8,7,8,8,18,8
535,2025-12-28,Planta de alimentos,Femenino,Frecuente,Tarde,8,9,8,7,9,8,7,7,29,7
536,2025-12-28,Farmacia,Femenino,Nuevo,Noche,6,7,6,7,6,6,6,7,53,9
537,2025-12-28,Movilización,Masculino,Frecuente,Tarde,7,7,7,5,8,5,6,6,33,17
538,2025-12-28,Planta de alimentos,Masculino,Nuevo,Tarde,8,7,7,6,8,7,8,8,72,2
539,2025-12-28,Farmacia,Femenino,Nuevo,Mañana,7,8,5,8,6,7,7,7,36,12
540,2025-12-28,Movilización,Masculino,Nuevo,Tarde,4,5,5,7,6,5,6,5,32,14
541,2025-12-28,Planta de alimentos,Otro,Frecuente,Tarde,9,10,9,8,9,9,7,8,55,11
542,2025-12-28,Planta de alimentos,Masculino,Nuevo,Tarde,4,6,6,6,6,6,7,4,18,3
543,2025-12-29,Movilización,Femenino,Frecuente,Tarde,10,7,6,7,6,7,7,10,49,14
544,2025-12-29,Movilización,Femenino,Frecuente,Tarde,8,5,6,5,7,6,6,8,51,19
545,2025-12-29,Movilización,Femenino,Frecuente,Tarde,7,6,5,9,10,9,5,7,33,10
546,2025-12-29,Farmacia,Masculino,Nuevo,Noche,4,6,5,5,5,5,5,5,51,18
547,2025-12-29,Planta de alimentos,Femenino,Frecuente,Mañana,9,8,10,8,8,7,8,8,51,2
548,2025-12-29,Farmacia,Masculino,Frecuente,Tarde,8,8,6,6,7,6,7,8,42,3
549,2025-12-29,Movilización,Masculino,Frecuente,Tarde,5,8,8,7,7,5,4,6,27,21
550,2025-12-29,Movilización,Femenino,Nuevo,Mañana,7,6,4,5,7,6,6,6,62,22
551,2025-12-29,Farmacia,Femenino,Frecuente,Tarde,8,9,7,7,6,7,8,9,40,10
552,2025-12-29,Movilización,Masculino,Frecuente,Mañana,7,7,7,8,8,7,8,8,21,16
553,2025-12-30,Movilización,Femenino,Nuevo,Tarde,7,6,6,7,5,5,5,8,28,17
554,2025-12-30,Farmacia,Femenino,Frecuente,Mañana,10,9,8,10,9,7,9,9,36,12
555,2025-12-30,Planta de alimentos,Femenino,Frecuente,Noche,4,7,6,7,6,7,8,6,49,2
556,2025-12-30,Farmacia,Femenino,Frecuente,Tarde,7,6,7,9,7,7,9,7,43,3
557,2025-12-30,Farmacia,Masculino,Frecuente,Mañana,7,6,6,7,7,8,5,6,40,9
558,2025-12-30,Farmacia,Femenino,Frecuente,Tarde,7,8,8,8,7,6,8,8,47,12
559,2025-12-30,Movilización,Femenino,Frecuente,Noche,7,6,4,7,4,5,5,7,46,12
560,2025-12-30,Farmacia,Masculino,Nuevo,Mañana,7,8,3,6,6,7,7,8,18,7
561,2025-12-30,Farmacia,Femenino,Frecuente,Tarde,8,8,6,7,5,7,6,8,48,9
562,2025-12-31,Planta de alimentos,Femenino,Frecuente,Mañana,7,9,6,10,8,7,9,7,37,3
563,2025-12-31,Farmacia,Femenino,Frecuente,Noche,8,9,5,9,8,8,6,7,47,12
564,2025-12-31,Movilización,Femenino,Nuevo,Noche,4,6,3,7,5,4,7,5,53,17
565,2025-12-31,Movilización,Masculino,Frecuente,Tarde,6,6,6,4,6,5,5,5,21,16
566,2025-12-31,Farmacia,Masculino,Frecuente,Noche,6,9,5,6,9,6,5,6,31,14
567,2025-12-31,Movilización,Femenino,Frecuente,Tarde,10,7,7,9,8,9,9,10,43,10
568,2025-12-31,Farmacia,Otro,Frecuente,Mañana,9,8,8,10,8,9,7,8,63,5
569,2025-12-31,Movilización,Masculino,Nuevo,Noche,5,8,6,7,6,6,6,6,40,19
570,2025-12-31,Movilización,Femenino,Frecuente,Mañana,9,10,9,10,9,9,10,8,62,11
571,2026-01-01,Planta de alimentos,Femenino,Nuevo,Tarde,10,8,9,8,8,8,9,10,52,5
572,2026-01-01,Planta de alimentos,Femenino,Frecuente,Tarde,9,10,6,9,6,8,9,8,51,2
573,2026-01-01,Farmacia,Femenino,Frecuente,Tarde,7,6,6,7,7,6,6,8,49,8
574,2026-01-01,Planta de alimentos,Femenino,Frecuente,Tarde,8,10,9,8,8,8,8,9,41,2
575,2026-01-01,Farmacia,Femenino,Nuevo,Tarde,6,8,7,7,9,8,8,7,39,6
576,2026-01-01,Farmacia,Masculino,Nuevo,Tarde,8,7,7,8,8,5,6,7,44,4
577,2026-01-01,Farmacia,Femenino,Frecuente,Tarde,7,10,7,7,10,8,7,7,20,11
578,2026-01-01,Farmacia,Femenino,Frecuente,Tarde,8,8,6,8,9,5,8,9,65,8
579,2026-01-01,Farmacia,Femenino,Nuevo,Tarde,7,4,3,5,6,7,5,5,61,6
580,2026-01-01,Movilización,Femenino,Frecuente,Tarde,6,7,5,8,5,7,5,6,41,12
581,2026-01-01,Planta de alimentos,Masculino,Frecuente,Tarde,10,10,6,7,9,8,5,9,52,4
582,2026-01-01,Planta de alimentos,Femenino,Frecuente,Mañana,9,9,8,8,10,8,10,8,59,2
583,2026-01-01,Movilización,Femenino,Frecuente,Noche,7,7,8,5,7,7,6,8,47,18
584,2026-01-01,Farmacia,Femenino,Frecuente,Noche,7,6,8,8,10,8,7,7,35,14
585,2026-01-01,Movilización,Femenino,Frecuente,Mañana,5,7,5,7,8,6,7,5,24,23
586,2026-01-01,Farmacia,Femenino,Nuevo,Mañana,9,7,5,8,9,8,7,8,33,4
587,2026-01-02,Farmacia,Masculino,Nuevo,Tarde,3,6,6,5,6,5,7,4,26,17
588,2026-01-02,Movilización,Femenino,Frecuente,Tarde,8,7,5,8,8,8,7,8,18,15
589,2026-01-02,Farmacia,Masculino,Nuevo,Tarde,6,6,6,6,4,5,7,5,55,12
590,2026-01-02,Planta de alimentos,Femenino,Frecuente,Tarde,6,8,7,8,7,6,7,6,35,7
591,2026-01-02,Farmacia,Femenino,Frecuente,Mañana,6,8,8,8,8,10,6,5,29,10
592,2026-01-02,Planta de alimentos,Femenino,Nuevo,Mañana,7,9,7,8,7,8,8,8,38,10
593,2026-01-02,Planta de alimentos,Masculino,Nuevo,Tarde,9,8,8,8,7,6,6,8,51,4
594,2026-01-02,Farmacia,Femenino,Frecuente,Mañana,7,6,8,7,7,8,7,7,46,9
595,2026-01-02,Movilización,Masculino,Nuevo,Noche,7,7,6,7,8,6,6,8,33,20
596,2026-01-02,Farmacia,Masculino,Frecuente,Noche,8,8,8,5,8,7,7,8,40,12
597,2026-01-02,Movilización,Masculino,Frecuente,Tarde,6,7,5,5,6,7,6,7,48,13
598,2026-01-02,Movilización,Masculino,Frecuente,Mañana,7,8,6,9,10,6,7,8,36,13
599,2026-01-02,Movilización,Masculino,Frecuente,Tarde,6,7,9,7,8,8,8,7,38,16
600,2026-01-02,Movilización,Masculino,Nuevo,Tarde,7,7,5,7,5,6,7,7,67,17
601,2026-01-02,Movilización,Masculino,Frecuente,Tarde,7,9,7,7,8,8,8,8,48,19
602,2026-01-03,Farmacia,Masculino,Nuevo,Tarde,7,6,8,8,7,8,8,9,35,15
603,2026-01-03,Movilización,Masculino,Frecuente,Mañana,8,6,6,9,9,8,8,8,48,14
604,2026-01-03,Planta de alimentos,Femenino,Nuevo,Noche,5,7,6,6,6,6,6,6,54,5
605,2026-01-03,Farmacia,Masculino,Nuevo,Tarde,6,6,5,7,4,7,5,5,37,11
606,2026-01-03,Farmacia,Masculino,Frecuente,Noche,7,9,7,8,9,7,7,8,35,9
607,2026-01-03,Movilización,Femenino,Nuevo,Tarde,6,8,6,7,6,5,7,4,50,20
608,2026-01-04,Movilización,Femenino,Nuevo,Tarde,6,8,7,7,10,7,6,6,30,14
609,2026-01-04,Movilización,Masculino,Frecuente,Tarde,8,10,7,8,8,8,8,9,50,13
610,2026-01-04,Farmacia,Femenino,Nuevo,Mañana,8,8,7,8,8,8,9,8,59,5
611,2026-01-04,Movilización,Femenino,Frecuente,Noche,7,6,5,6,8,6,8,7,34,11
612,2026-01-04,Farmacia,Masculino,Frecuente,Tarde,5,8,8,7,9,7,7,5,19,18
613,2026-01-04,Movilización,Femenino,Frecuente,Mañana,7,8,8,7,10,9,9,8,32,10
614,2026-01-04,Movilización,Masculino,Frecuente,Noche,7,9,6,6,6,8,6,7,48,16
615,2026-01-04,Movilización,Masculino,Frecuente,Tarde,6,8,7,9,8,7,7,6,50,19
616,2026-01-05,Movilización,Masculino,Frecuente,Noche,7,6,7,8,5,8,6,7,40,18
617,2026-01-05,Movilización,Femenino,Frecuente,Noche,6,6,7,6,5,4,4,4,24,14
618,2026-01-05,Farmacia,Masculino,Nuevo,Tarde,6,9,7,5,8,7,7,7,54,15
619,2026-01-05,Planta de alimentos,Masculino,Frecuente,Mañana,10,9,8,9,6,7,9,10,39,2
620,2026-01-05,Farmacia,Masculino,Nuevo,Tarde,7,9,8,7,7,7,6,7,39,9
621,2026-01-06,Planta de alimentos,Masculino,Frecuente,Mañana,6,8,8,7,6,6,10,5,18,6
622,2026-01-06,Movilización,Femenino,Nuevo,Tarde,7,7,6,7,7,8,10,6,18,14
623,2026-01-06,Movilización,Femenino,Nuevo,Tarde,8,9,7,8,6,8,6,7,41,13
624,2026-01-06,Farmacia,Otro,Frecuente,Tarde,6,6,4,6,7,5,4,5,37,5
625,2026-01-06,Farmacia,Femenino,Frecuente,Mañana,9,7,8,10,9,8,9,9,66,4
626,2026-01-06,Farmacia,Masculino,Frecuente,Tarde,7,9,7,8,8,10,8,8,53,9
627,2026-01-06,Planta de alimentos,Masculino,Frecuente,Mañana,8,9,8,9,8,8,8,9,45,2
628,2026-01-06,Planta de alimentos,Femenino,Nuevo,Noche,6,5,6,6,5,6,6,5,55,5
629,2026-01-06,Planta de alimentos,Femenino,Frecuente,Tarde,8,8,5,8,7,6,6,8,75,11
630,2026-01-07,Planta de alimentos,Femenino,Frecuente,Noche,6,6,6,5,6,6,5,7,36,5
631,2026-01-07,Movilización,Otro,Frecuente,Mañana,7,10,9,8,8,7,9,7,18,19
632,2026-01-07,Farmacia,Masculino,Frecuente,Mañana,8,7,8,8,9,8,9,9,36,9
633,2026-01-07,Planta de alimentos,Femenino,Frecuente,Mañana,9,8,6,7,8,8,6,8,38,2
634,2026-01-07,Farmacia,Masculino,Nuevo,Tarde,7,7,5,5,5,6,7,6,25,16
635,2026-01-07,Movilización,Femenino,Nuevo,Tarde,6,6,6,6,8,6,5,6,43,18
636,2026-01-07,Movilización,Femenino,Nuevo,Mañana,7,6,4,6,6,6,7,6,39,18
637,2026-01-07,Movilización,Masculino,Frecuente,Tarde,6,7,5,6,6,5,7,5,35,15
638,2026-01-08,Movilización,Femenino,Frecuente,Mañana,8,8,7,8,7,8,7,6,51,24
639,2026-01-08,Movilización,Femenino,Frecuente,Mañana,8,7,7,6,7,8,6,7,27,10
640,2026-01-08,Movilización,Masculino,Nuevo,Mañana,6,5,6,6,5,6,6,6,55,19
641,2026-01-08,Farmacia,Masculino,Frecuente,Noche,9,6,7,8,7,7,8,9,29,7
642,2026-01-08,Planta de alimentos,Masculino,Frecuente,Tarde,10,10,8,8,10,10,8,9,65,4
643,2026-01-08,Movilización,Femenino,Nuevo,Mañana,7,5,8,6,5,7,6,8,18,12
644,2026-01-08,Planta de alimentos,Masculino,Nuevo,Tarde,7,8,7,6,7,7,9,8,18,3
645,2026-01-08,Farmacia,Masculino,Nuevo,Noche,8,6,7,6,7,7,7,7,46,9
646,2026-01-08,Planta de alimentos,Masculino,Nuevo,Mañana,8,7,7,7,6,8,8,7,45,2
647,2026-01-08,Planta de alimentos,Masculino,Nuevo,Noche,7,7,5,6,7,7,6,6,36,9
648,2026-01-09,Movilización,Femenino,Frecuente,Tarde,7,7,4,6,5,7,5,7,68,18
649,2026-01-09,Planta de alimentos,Femenino,Frecuente,Noche,8,7,8,6,8,5,7,8,37,2
650,2026-01-09,Movilización,Masculino,Frecuente,Noche,5,7,4,8,7,6,6,6,62,14
651,2026-01-09,Farmacia,Masculino,Frecuente,Tarde,8,9,7,8,9,5,8,8,41,13
652,2026-01-09,Movilización,Masculino,Nuevo,Noche,5,5,5,4,6,7,4,5,40,20
653,2026-01-09,Planta de alimentos,Femenino,Frecuente,Mañana,7,6,6,8,7,8,7,7,56,13
654,2026-01-09,Farmacia,Masculino,Nuevo,Mañana,8,4,7,8,5,7,6,7,45,10
655,2026-01-09,Movilización,Femenino,Frecuente,Tarde,9,5,6,7,7,8,7,8,31,12
656,2026-01-10,Movilización,Masculino,Frecuente,Mañana,6,6,6,5,6,7,5,7,48,23
657,2026-01-10,Farmacia,Femenino,Frecuente,Tarde,7,8,7,10,7,7,6,7,67,9
658,2026-01-10,Movilización,Femenino,Frecuente,Mañana,7,7,6,4,7,7,5,8,53,12
659,2026-01-10,Planta de alimentos,Femenino,Nuevo,Mañana,8,8,8,8,7,8,6,9,47,9
660,2026-01-11,Movilización,Femenino,Frecuente,Mañana,5,8,5,7,6,7,6,5,36,17
661,2026-01-11,Planta de alimentos,Otro,Frecuente,Mañana,8,7,5,8,6,8,7,8,54,2
662,2026-01-11,Planta de alimentos,Masculino,Frecuente,Mañana,9,8,8,8,7,8,7,10,20,5
663,2026-01-11,Farmacia,Femenino,Nuevo,Noche,7,7,7,6,8,7,6,7,46,6
664,2026-01-11,Farmacia,Femenino,Frecuente,Tarde,8,8,8,8,8,7,8,7,33,8
665,2026-01-11,Farmacia,Masculino,Frecuente,Mañana,7,8,7,9,8,8,8,7,36,8
666,2026-01-11,Movilización,Femenino,Frecuente,Tarde,8,9,5,7,6,5,8,8,33,12
667,2026-01-11,Movilización,Otro,Frecuente,Noche,7,8,4,7,9,9,7,8,49,18
668,2026-01-11,Farmacia,Masculino,Frecuente,Mañana,8,8,5,7,7,9,8,8,30,2
669,2026-01-11,Movilización,Femenino,Frecuente,Tarde,7,6,4,6,6,6,6,4,39,19
670,2026-01-12,Farmacia,Femenino,Nuevo,Mañana,7,7,8,5,4,9,8,6,29,9
671,2026-01-12,Movilización,Femenino,Frecuente,Tarde,6,10,9,8,7,8,7,6,31,16
672,2026-01-12,Movilización,Masculino,Frecuente,Mañana,6,5,6,6,6,4,5,5,24,14
673,2026-01-12,Planta de alimentos,Masculino,Frecuente,Noche,8,8,7,8,6,6,7,8,53,3
674,2026-01-12,Planta de alimentos,Femenino,Frecuente,Mañana,8,8,7,7,10,6,8,9,45,3
675,2026-01-12,Movilización,Femenino,Frecuente,Noche,6,7,6,5,5,5,5,6,44,20
676,2026-01-13,Planta de alimentos,Femenino,Nuevo,Mañana,7,9,6,8,7,7,5,5,59,9
677,2026-01-13,Planta de alimentos,Masculino,Frecuente,Noche,10,9,9,9,8,7,9,10,74,2
678,2026-01-13,Movilización,Masculino,Frecuente,Mañana,8,8,7,6,9,7,9,9,18,15
679,2026-01-13,Movilización,Masculino,Frecuente,Mañana,6,7,6,8,6,8,6,5,39,20
680,2026-01-13,Movilización,Masculino,Frecuente,Tarde,7,8,9,7,9,6,9,7,49,13
681,2026-01-13,Farmacia,Masculino,Nuevo,Mañana,9,8,7,9,7,7,9,10,34,9
682,2026-01-13,Farmacia,Masculino,Nuevo,Noche,5,6,5,6,7,7,4,5,49,17
683,2026-01-13,Planta de alimentos,Femenino,Frecuente,Tarde,7,7,8,5,7,6,6,8,31,6
684,2026-01-13,Farmacia,Femenino,Frecuente,Tarde,6,7,6,8,9,9,6,8,42,2
685,2026-01-14,Farmacia,Masculino,Frecuente,Mañana,6,10,7,8,9,8,8,7,40,7
686,2026-01-14,Movilización,Femenino,Frecuente,Tarde,6,8,5,4,6,5,5,6,55,14
687,2026-01-14,Farmacia,Femenino,Frecuente,Mañana,10,7,10,10,8,7,10,10,32,12
688,2026-01-14,Movilización,Masculino,Frecuente,Tarde,8,9,6,5,8,6,8,7,43,16
689,2026-01-14,Movilización,Masculino,Frecuente,Mañana,7,9,5,8,9,7,8,6,50,8
690,2026-01-14,Planta de alimentos,Femenino,Frecuente,Mañana,10,10,8,8,10,10,10,10,44,2
691,2026-01-14,Farmacia,Masculino,Frecuente,Noche,7,7,6,9,8,7,7,6,26,10
692,2026-01-14,Farmacia,Femenino,Frecuente,Tarde,7,7,4,6,7,5,7,7,30,8
693,2026-01-14,Farmacia,Masculino,Frecuente,Tarde,6,8,7,8,6,7,8,5,56,10
694,2026-01-14,Planta de alimentos,Masculino,Nuevo,Mañana,7,8,7,8,7,7,7,7,29,6
695,2026-01-15,Farmacia,Masculino,Nuevo,Tarde,6,6,6,6,8,7,7,7,50,8
696,2026-01-15,Farmacia,Masculino,Frecuente,Mañana,7,7,7,8,8,9,6,7,20,9
697,2026-01-15,Farmacia,Masculino,Frecuente,Tarde,7,9,6,8,8,6,7,7,22,14
698,2026-01-15,Planta de alimentos,Masculino,Frecuente,Tarde,7,7,8,8,9,9,9,8,31,8
699,2026-01-15,Movilización,Femenino,Frecuente,Tarde,7,8,7,7,8,6,9,7,69,19
700,2026-01-15,Farmacia,Femenino,Frecuente,Noche,7,6,7,7,8,6,8,8,32,11
701,2026-01-15,Farmacia,Femenino,Nuevo,Noche,9,8,7,7,9,8,10,10,57,5
702,2026-01-16,Farmacia,Masculino,Frecuente,Tarde,7,8,6,7,7,6,5,7,32,9
703,2026-01-16,Planta de alimentos,Masculino,Nuevo,Tarde,8,9,6,8,10,8,8,9,20,8
704,2026-01-16,Movilización,Femenino,Frecuente,Tarde,8,8,9,8,7,7,8,9,31,16
705,2026-01-17,Farmacia,Masculino,Nuevo,Tarde,6,7,7,5,7,5,5,6,35,6
706,2026-01-17,Movilización,Femenino,Frecuente,Tarde,8,9,10,9,8,7,9,9,42,14
707,2026-01-17,Planta de alimentos,Masculino,Nuevo,Tarde,8,8,9,6,8,8,7,9,51,2
708,2026-01-17,Farmacia,Masculino,Frecuente,Noche,8,8,6,6,8,6,6,8,46,11
709,2026-01-17,Movilización,Femenino,Frecuente,Mañana,6,8,8,7,9,7,8,5,53,18
710,2026-01-17,Planta de alimentos,Femenino,Nuevo,Noche,5,7,6,6,9,7,7,5,27,9
711,2026-01-17,Farmacia,Masculino,Nuevo,Mañana,8,8,4,8,9,7,5,8,59,6
712,2026-01-18,Farmacia,Otro,Frecuente,Tarde,10,8,7,7,9,8,10,9,19,11
713,2026-01-18,Planta de alimentos,Masculino,Frecuente,Mañana,8,5,8,7,9,8,8,8,35,4
714,2026-01-18,Movilización,Masculino,Frecuente,Tarde,5,4,5,7,5,6,5,5,28,17
715,2026-01-18,Farmacia,Femenino,Frecuente,Tarde,6,9,10,9,9,8,7,6,40,8
716,2026-01-18,Planta de alimentos,Masculino,Frecuente,Tarde,6,7,6,8,7,8,6,4,42,6
717,2026-01-19,Planta de alimentos,Femenino,Frecuente,Mañana,7,9,9,9,8,7,7,7,45,10
718,2026-01-19,Farmacia,Masculino,Frecuente,Tarde,10,9,9,9,7,9,9,10,28,9
719,2026-01-19,Farmacia,Masculino,Frecuente,Tarde,9,9,8,8,9,7,8,9,37,6
720,2026-01-19,Farmacia,Femenino,Frecuente,Noche,10,7,7,8,6,7,10,9,60,7
721,2026-01-19,Planta de alimentos,Femenino,Nuevo,Tarde,5,9,9,5,6,7,5,5,31,5
722,2026-01-20,Farmacia,Femenino,Frecuente,Noche,4,7,6,5,6,6,5,4,36,10
723,2026-01-20,Planta de alimentos,Femenino,Frecuente,Mañana,8,9,8,9,7,6,7,7,55,4
724,2026-01-20,Farmacia,Femenino,Frecuente,Mañana,8,10,8,10,10,10,10,9,31,9
725,2026-01-20,Planta de alimentos,Femenino,Nuevo,Tarde,7,7,7,7,7,7,8,9,34,7
726,2026-01-20,Planta de alimentos,Masculino,Nuevo,Noche,8,6,7,7,6,8,6,8,44,2
727,2026-01-20,Movilización,Femenino,Frecuente,Noche,6,6,6,5,7,5,5,5,67,14
728,2026-01-20,Farmacia,Femenino,Nuevo,Tarde,6,5,6,6,5,6,6,5,23,9
729,2026-01-20,Farmacia,Femenino,Frecuente,Mañana,10,8,9,8,9,10,9,9,35,2
730,2026-01-20,Movilización,Masculino,Frecuente,Mañana,7,6,5,5,7,5,6,6,34,17
731,2026-01-20,Planta de alimentos,Femenino,Frecuente,Mañana,9,10,7,7,8,9,8,8,18,2
732,2026-01-20,Farmacia,Femenino,Frecuente,Tarde,7,10,9,8,8,7,10,8,30,14
733,2026-01-21,Farmacia,Otro,Frecuente,Mañana,6,10,6,8,8,7,7,6,75,5
734,2026-01-21,Farmacia,Masculino,Nuevo,Tarde,7,6,7,6,7,7,8,7,26,16
735,2026-01-21,Movilización,Femenino,Frecuente,Mañana,7,9,8,7,7,8,9,6,18,17
736,2026-01-21,Movilización,Masculino,Frecuente,Noche,7,6,7,6,4,5,6,7,40,13
737,2026-01-21,Farmacia,Masculino,Frecuente,Mañana,9,8,8,9,9,10,9,10,38,9
738,2026-01-21,Farmacia,Femenino,Frecuente,Noche,6,6,6,6,7,4,7,5,39,8
739,2026-01-21,Movilización,Masculino,Frecuente,Tarde,5,7,6,6,5,7,7,6,39,8
740,2026-01-21,Farmacia,Femenino,Frecuente,Mañana,8,9,7,7,6,9,6,9,43,16
741,2026-01-21,Planta de alimentos,Masculino,Frecuente,Noche,8,7,5,7,7,7,6,8,35,3
742,2026-01-22,Farmacia,Femenino,Frecuente,Noche,7,8,5,5,6,6,5,7,35,14
743,2026-01-22,Farmacia,Masculino,Frecuente,Tarde,8,8,7,7,7,10,8,8,56,8
744,2026-01-22,Farmacia,Masculino,Frecuente,Mañana,9,8,9,9,9,9,8,9,62,5
745,2026-01-22,Farmacia,Femenino,Nuevo,Tarde,5,7,6,7,6,6,7,6,18,14
746,2026-01-22,Movilización,Masculino,Frecuente,Mañana,9,8,7,9,9,8,9,10,26,11
747,2026-01-22,Farmacia,Masculino,Frecuente,Tarde,8,10,8,8,9,8,9,8,54,10
748,2026-01-23,Movilización,Femenino,Nuevo,Mañana,5,8,4,7,6,6,6,4,26,19
749,2026-01-23,Farmacia,Femenino,Frecuente,Tarde,8,8,8,10,7,8,9,7,18,11
750,2026-01-23,Movilización,Masculino,Frecuente,Mañana,7,9,8,7,8,9,8,8,34,12
751,2026-01-23,Farmacia,Masculino,Frecuente,Mañana,10,7,10,8,8,8,7,9,63,13
752,2026-01-23,Planta de alimentos,Femenino,Frecuente,Noche,7,9,6,7,7,8,6,7,43,8
753,2026-01-23,Farmacia,Femenino,Frecuente,Tarde,9,7,5,8,7,8,6,8,37,14
754,2026-01-23,Movilización,Masculino,Nuevo,Mañana,7,5,6,6,7,4,6,7,36,18
755,2026-01-23,Farmacia,Femenino,Nuevo,Tarde,7,7,5,7,7,7,6,6,45,12
756,2026-01-23,Planta de alimentos,Femenino,Nuevo,Mañana,8,7,7,8,7,7,7,8,36,5
757,2026-01-24,Farmacia,Masculino,Frecuente,Tarde,9,9,9,8,9,8,8,8,59,7
758,2026-01-24,Movilización,Masculino,Frecuente,Noche,5,7,4,6,6,7,6,5,47,21
759,2026-01-24,Farmacia,Masculino,Nuevo,Mañana,9,7,8,8,7,7,8,8,38,7
760,2026-01-24,Planta de alimentos,Femenino,Frecuente,Noche,10,9,9,10,8,8,7,9,18,6
761,2026-01-24,Planta de alimentos,Masculino,Nuevo,Tarde,6,6,7,6,6,7,7,5,38,6
762,2026-01-24,Farmacia,Femenino,Frecuente,Noche,5,6,5,7,6,6,7,6,31,13
763,2026-01-25,Farmacia,Femenino,Frecuente,Mañana,8,8,6,7,8,6,7,8,35,2
764,2026-01-25,Movilización,Femenino,Frecuente,Tarde,5,7,4,7,8,6,6,5,35,8
765,2026-01-25,Farmacia,Femenino,Frecuente,Mañana,5,7,9,8,7,9,8,5,18,19
766,2026-01-25,Farmacia,Masculino,Frecuente,Tarde,7,8,8,6,5,8,7,7,39,7
767,2026-01-25,Planta de alimentos,Masculino,Frecuente,Mañana,8,8,8,8,10,10,10,9,43,8
768,2026-01-25,Farmacia,Otro,Frecuente,Tarde,10,9,9,10,9,9,7,10,64,7
769,2026-01-25,Planta de alimentos,Masculino,Nuevo,Noche,7,7,4,6,7,7,6,5,60,9
770,2026-01-25,Farmacia,Otro,Frecuente,Mañana,7,7,7,7,7,6,7,7,54,9
771,2026-01-25,Farmacia,Masculino,Frecuente,Tarde,7,7,5,8,7,8,6,7,55,6
772,2026-01-25,Planta de alimentos,Masculino,Frecuente,Tarde,9,8,9,8,8,8,7,9,40,5
773,2026-01-25,Planta de alimentos,Masculino,Frecuente,Mañana,9,9,6,7,8,9,8,9,48,2
774,2026-01-25,Movilización,Masculino,Frecuente,Mañana,6,6,7,8,8,7,6,5,61,16
775,2026-01-25,Planta de alimentos,Masculino,Nuevo,Tarde,7,7,7,7,7,7,8,6,25,9
776,2026-01-25,Farmacia,Femenino,Frecuente,Noche,8,8,7,7,8,9,7,7,60,5
777,2026-01-26,Planta de alimentos,Masculino,Frecuente,Tarde,7,9,8,9,8,7,8,6,51,8
778,2026-01-26,Farmacia,Masculino,Frecuente,Mañana,7,8,6,8,7,6,7,8,44,10
779,2026-01-26,Movilización,Masculino,Frecuente,Mañana,7,7,6,7,8,5,7,7,41,14
780,2026-01-27,Farmacia,Femenino,Nuevo,Tarde,6,8,7,8,6,7,8,6,21,8
781,2026-01-27,Movilización,Masculino,Frecuente,Mañana,5,6,4,6,8,5,7,5,63,7
782,2026-01-27,Movilización,Femenino,Nuevo,Mañana,5,6,5,7,4,6,6,6,32,14
783,2026-01-27,Farmacia,Femenino,Nuevo,Tarde,8,8,6,8,7,6,7,8,55,9
784,2026-01-27,Planta de alimentos,Femenino,Nuevo,Tarde,7,9,6,7,7,6,6,7,62,2
785,2026-01-27,Planta de alimentos,Masculino,Frecuente,Noche,8,7,6,10,9,8,8,8,50,9
786,2026-01-27,Farmacia,Masculino,Nuevo,Mañana,10,9,7,7,9,8,7,10,64,7
787,2026-01-27,Farmacia,Masculino,Nuevo,Mañana,9,9,8,9,9,8,8,8,48,6
788,2026-01-28,Farmacia,Masculino,Frecuente,Noche,7,7,7,8,9,7,7,6,75,14
789,2026-01-28,Farmacia,Masculino,Nuevo,Tarde,6,9,8,7,7,7,5,7,18,2
790,2026-01-28,Movilización,Masculino,Frecuente,Tarde,7,8,8,6,7,7,7,7,75,15
791,2026-01-28,Farmacia,Femenino,Nuevo,Mañana,7,8,6,7,6,7,7,7,31,11
792,2026-01-28,Farmacia,Femenino,Frecuente,Tarde,8,8,7,9,9,7,8,9,39,11
793,2026-01-28,Farmacia,Masculino,Frecuente,Tarde,9,9,9,9,10,10,10,10,33,14
794,2026-01-28,Farmacia,Masculino,Nuevo,Mañana,7,8,5,8,7,9,7,7,34,10
795,2026-01-28,Farmacia,Masculino,Nuevo,Mañana,5,4,6,4,6,5,4,5,19,11
796,2026-01-28,Planta de alimentos,Femenino,Frecuente,Tarde,8,9,4,8,7,6,6,7,46,3
797,2026-01-29,Planta de alimentos,Femenino,Nuevo,Noche,6,7,6,7,6,8,7,8,24,2
798,2026-01-29,Movilización,Masculino,Nuevo,Mañana,8,6,8,8,7,9,7,8,32,16
799,2026-01-29,Movilización,Masculino,Nuevo,Mañana,6,6,4,5,7,5,5,7,37,21
800,2026-01-29,Movilización,Femenino,Nuevo,Noche,6,6,7,8,5,5,6,7,18,16
801,2026-01-29,Planta de alimentos,Masculino,Frecuente,Noche,9,9,7,10,8,7,6,8,55,7
802,2026-01-29,Movilización,Masculino,Frecuente,Tarde,7,8,6,7,8,5,6,7,42,17
803,2026-01-29,Planta de alimentos,Masculino,Frecuente,Mañana,9,9,7,10,10,10,10,8,58,6
804,2026-01-29,Planta de alimentos,Masculino,Frecuente,Tarde,7,8,5,5,7,6,6,6,46,13
805,2026-01-29,Farmacia,Femenino,Frecuente,Noche,8,6,7,9,9,5,6,8,24,3
806,2026-01-29,Planta de alimentos,Masculino,Frecuente,Noche,9,9,10,6,8,6,6,9,37,5
807,2026-01-29,Movilización,Femenino,Nuevo,Mañana,7,8,6,8,7,5,6,7,30,10
808,2026-01-29,Farmacia,Masculino,Frecuente,Tarde,7,7,6,7,8,6,6,7,64,12
809,2026-01-29,Movilización,Masculino,Nuevo,Tarde,6,5,7,7,7,7,6,6,46,22
810,2026-01-29,Farmacia,Masculino,Frecuente,Tarde,8,8,8,6,7,8,8,8,33,5
811,2026-01-29,Farmacia,Femenino,Nuevo,Mañana,7,8,7,7,6,7,7,7,38,9
812,2026-01-30,Movilización,Masculino,Frecuente,Mañana,5,5,6,5,6,8,6,5,21,20
813,2026-01-30,Farmacia,Femenino,Nuevo,Mañana,8,8,6,10,8,7,5,7,59,20
814,2026-01-30,Farmacia,Otro,Nuevo,Mañana,4,5,6,7,8,7,7,4,54,13
815,2026-01-30,Movilización,Femenino,Frecuente,Tarde,8,7,7,8,9,8,8,8,33,16
816,2026-01-31,Farmacia,Femenino,Frecuente,Tarde,6,8,6,7,8,7,7,5,31,13
817,2026-01-31,Farmacia,Masculino,Nuevo,Tarde,8,7,6,7,7,7,8,7,58,6
818,2026-01-31,Farmacia,Masculino,Frecuente,Noche,8,6,6,8,8,6,8,8,39,9
819,2026-01-31,Movilización,Femenino,Frecuente,Tarde,7,5,7,8,5,6,4,6,33,22
820,2026-01-31,Planta de alimentos,Masculino,Frecuente,Tarde,8,9,10,8,8,8,7,8,55,7
821,2026-01-31,Planta de alimentos,Femenino,Frecuente,Noche,10,9,6,8,8,6,7,8,18,3
822,2026-01-31,Movilización,Femenino,Frecuente,Mañana,9,8,7,7,8,8,7,10,59,12
823,2026-01-31,Farmacia,Masculino,Frecuente,Noche,8,8,8,9,9,9,6,8,27,9
824,2026-01-31,Farmacia,Masculino,Nuevo,Tarde,3,4,3,4,5,3,5,3,38,21
825,2026-01-31,Movilización,Femenino,Nuevo,Mañana,6,7,6,8,7,6,7,7,32,19
826,2026-01-31,Movilización,Femenino,Frecuente,Noche,6,7,8,6,7,6,7,7,60,17
827,2026-02-01,Farmacia,Masculino,Frecuente,Mañana,7,7,7,9,10,9,9,9,46,7
828,2026-02-01,Farmacia,Masculino,Nuevo,Tarde,6,8,6,5,7,6,6,4,33,6
829,2026-02-01,Planta de alimentos,Masculino,Nuevo,Tarde,7,6,6,9,7,6,7,7,46,3
830,2026-02-01,Farmacia,Masculino,Nuevo,Tarde,6,8,9,5,7,7,5,6,39,12
831,2026-02-01,Movilización,Femenino,Frecuente,Tarde,6,7,8,8,6,6,6,5,45,14
832,2026-02-01,Planta de alimentos,Masculino,Nuevo,Tarde,8,10,8,10,8,10,9,8,30,2
833,2026-02-01,Farmacia,Femenino,Frecuente,Noche,7,6,8,6,7,6,7,7,37,14
834,2026-02-01,Farmacia,Femenino,Frecuente,Noche,6,6,7,5,8,6,7,6,18,11
835,2026-02-01,Movilización,Femenino,Nuevo,Tarde,6,7,5,6,5,6,5,7,34,18
836,2026-02-01,Farmacia,Femenino,Frecuente,Tarde,9,8,8,8,7,7,8,9,39,11
837,2026-02-01,Planta de alimentos,Masculino,Frecuente,Noche,7,6,7,7,7,7,7,6,55,9
838,2026-02-01,Movilización,Femenino,Nuevo,Tarde,5,4,5,4,7,5,6,5,48,20
839,2026-02-02,Planta de alimentos,Femenino,Frecuente,Mañana,9,10,9,10,10,9,10,9,59,2
840,2026-02-02,Movilización,Femenino,Frecuente,Tarde,9,8,8,10,10,8,8,10,39,12
841,2026-02-02,Movilización,Masculino,Nuevo,Noche,7,7,4,6,5,4,4,7,30,12
842,2026-02-02,Farmacia,Femenino,Frecuente,Noche,7,6,6,7,8,5,5,6,29,15
843,2026-02-02,Farmacia,Femenino,Nuevo,Tarde,9,10,5,8,10,6,6,10,48,9
844,2026-02-02,Movilización,Masculino,Nuevo,Tarde,6,5,9,6,6,6,6,6,60,17
845,2026-02-02,Farmacia,Femenino,Frecuente,Tarde,9,8,8,8,7,6,8,8,21,7
846,2026-02-03,Movilización,Masculino,Frecuente,Tarde,9,9,8,8,8,8,8,10,32,7
847,2026-02-03,Farmacia,Femenino,Frecuente,Tarde,8,8,9,7,8,9,8,8,47,7
848,2026-02-03,Planta de alimentos,Masculino,Nuevo,Mañana,6,5,8,5,5,4,4,6,35,4
849,2026-02-03,Farmacia,Femenino,Frecuente,Noche,6,9,8,6,9,9,9,8,58,9
850,2026-02-03,Farmacia,Masculino,Frecuente,Tarde,9,7,8,7,7,10,8,10,30,14
851,2026-02-03,Movilización,Femenino,Frecuente,Mañana,9,8,8,9,10,8,8,7,28,9
852,2026-02-03,Farmacia,Otro,Frecuente,Mañana,8,8,9,7,7,8,9,10,75,3
853,2026-02-03,Farmacia,Femenino,Frecuente,Tarde,6,6,5,9,8,5,8,6,38,12
854,2026-02-03,Planta de alimentos,Masculino,Frecuente,Mañana,9,8,8,8,7,9,8,9,55,9
855,2026-02-04,Farmacia,Femenino,Frecuente,Mañana,5,7,8,6,8,5,6,5,47,18
856,2026-02-04,Movilización,Masculino,Frecuente,Noche,6,9,6,6,8,7,8,6,46,11
857,2026-02-04,Farmacia,Masculino,Frecuente,Tarde,9,9,10,10,9,8,8,9,51,12
858,2026-02-04,Movilización,Masculino,Frecuente,Tarde,6,8,5,7,7,7,6,6,18,16
859,2026-02-04,Planta de alimentos,Femenino,Frecuente,Mañana,8,7,8,8,7,7,10,7,42,7
860,2026-02-04,Farmacia,Femenino,Nuevo,Tarde,7,5,5,7,6,6,9,8,67,10
861,2026-02-04,Planta de alimentos,Masculino,Frecuente,Mañana,8,10,7,8,8,8,6,8,51,2
862,2026-02-04,Farmacia,Femenino,Frecuente,Tarde,8,8,7,7,7,9,7,7,49,11
863,2026-02-04,Planta de alimentos,Femenino,Nuevo,Tarde,6,6,7,7,8,7,6,6,18,5
864,2026-02-04,Planta de alimentos,Masculino,Frecuente,Tarde,9,10,8,10,9,10,9,9,31,2
865,2026-02-05,Farmacia,Masculino,Nuevo,Mañana,7,10,8,8,8,7,6,7,41,3
866,2026-02-05,Farmacia,Otro,Nuevo,Tarde,7,7,6,8,7,7,6,6,59,10
867,2026-02-05,Farmacia,Masculino,Nuevo,Mañana,7,10,5,8,8,7,7,9,47,15
868,2026-02-05,Farmacia,Masculino,Nuevo,Mañana,9,7,7,5,7,6,7,7,66,9
869,2026-02-05,Farmacia,Femenino,Nuevo,Mañana,7,9,7,5,8,8,7,8,21,10
870,2026-02-05,Movilización,Femenino,Nuevo,Mañana,7,6,6,7,9,4,7,7,42,17
871,2026-02-05,Planta de alimentos,Masculino,Nuevo,Mañana,7,6,7,10,6,6,7,7,38,6
872,2026-02-06,Movilización,Masculino,Frecuente,Mañana,7,10,10,9,5,8,7,7,49,16
873,2026-02-06,Movilización,Masculino,Frecuente,Mañana,7,9,6,7,9,8,9,8,61,15
874,2026-02-06,Planta de alimentos,Masculino,Frecuente,Mañana,9,8,9,7,10,7,8,7,49,5
875,2026-02-06,Planta de alimentos,Femenino,Nuevo,Mañana,5,7,6,7,5,5,5,4,48,2
876,2026-02-06,Movilización,Femenino,Nuevo,Mañana,7,7,6,5,6,8,7,8,48,14
877,2026-02-06,Movilización,Masculino,Frecuente,Tarde,5,6,7,6,6,8,8,5,64,17
878,2026-02-06,Movilización,Femenino,Frecuente,Tarde,5,4,7,6,6,5,5,3,37,26
879,2026-02-06,Planta de alimentos,Masculino,Frecuente,Mañana,10,10,10,9,5,9,9,10,39,8
880,2026-02-06,Farmacia,Masculino,Frecuente,Tarde,6,7,7,6,7,7,7,5,52,12
881,2026-02-06,Movilización,Masculino,Nuevo,Tarde,6,7,7,5,6,6,6,5,40,19
882,2026-02-06,Movilización,Otro,Frecuente,Noche,8,6,6,7,8,7,6,8,60,16
883,2026-02-06,Movilización,Femenino,Frecuente,Noche,8,8,9,8,9,7,7,8,39,14
884,2026-02-07,Farmacia,Masculino,Frecuente,Mañana,9,8,7,8,9,7,7,9,34,6
885,2026-02-07,Planta de alimentos,Femenino,Frecuente,Mañana,8,9,9,9,9,6,5,6,58,7
886,2026-02-07,Farmacia,Femenino,Nuevo,Tarde,4,6,5,6,6,6,6,5,56,14
887,2026-02-07,Farmacia,Masculino,Nuevo,Tarde,8,9,9,9,7,7,9,7,21,12
888,2026-02-07,Planta de alimentos,Femenino,Frecuente,Noche,8,8,6,7,7,8,5,6,48,4
889,2026-02-07,Farmacia,Femenino,Nuevo,Mañana,7,5,6,8,7,7,7,7,18,10
890,2026-02-07,Farmacia,Femenino,Frecuente,Tarde,7,6,6,7,6,6,6,5,26,6
891,2026-02-07,Movilización,Femenino,Frecuente,Mañana,9,7,6,7,6,8,7,8,36,15
892,2026-02-07,Movilización,Masculino,Frecuente,Mañana,9,9,10,9,10,8,10,8,59,11
893,2026-02-07,Farmacia,Masculino,Nuevo,Tarde,7,8,8,6,7,7,6,6,50,16
894,2026-02-07,Farmacia,Masculino,Frecuente,Noche,7,9,9,6,8,6,8,7,53,12
895,2026-02-07,Movilización,Masculino,Frecuente,Noche,6,5,5,6,4,6,7,6,18,16
896,2026-02-07,Planta de alimentos,Femenino,Frecuente,Mañana,7,6,9,9,8,6,8,9,45,8
897,2026-02-07,Planta de alimentos,Masculino,Nuevo,Tarde,6,6,6,6,8,6,7,5,56,2
898,2026-02-07,Farmacia,Femenino,Frecuente,Tarde,6,7,5,5,7,7,7,7,52,18
899,2026-02-08,Movilización,Masculino,Nuevo,Noche,5,6,5,6,7,6,6,7,34,20
900,2026-02-08,Movilización,Femenino,Frecuente,Tarde,6,5,5,6,6,5,5,5,26,25
901,2026-02-08,Movilización,Masculino,Nuevo,Tarde,6,4,5,6,8,5,6,6,40,15
902,2026-02-08,Planta de alimentos,Masculino,Frecuente,Mañana,6,7,8,9,10,8,7,6,45,6
903,2026-02-08,Planta de alimentos,Masculino,Frecuente,Mañana,8,10,5,10,9,7,8,7,48,5
904,2026-02-08,Planta de alimentos,Masculino,Frecuente,Tarde,8,6,9,8,7,6,7,8,36,3
905,2026-02-08,Movilización,Femenino,Nuevo,Tarde,4,4,4,3,5,5,3,5,53,19
906,2026-02-08,Farmacia,Masculino,Frecuente,Tarde,8,10,8,8,10,9,9,8,53,4
907,2026-02-08,Planta de alimentos,Masculino,Nuevo,Mañana,9,7,8,8,8,7,7,9,31,2
908,2026-02-09,Planta de alimentos,Masculino,Nuevo,Mañana,6,7,6,7,7,8,9,7,46,3
909,2026-02-09,Planta de alimentos,Femenino,Nuevo,Noche,9,9,6,9,8,7,8,10,50,2
910,2026-02-09,Farmacia,Femenino,Nuevo,Tarde,6,7,4,7,7,6,7,4,25,17
911,2026-02-09,Planta de alimentos,Femenino,Nuevo,Noche,7,7,4,7,6,6,7,7,55,6
912,2026-02-09,Farmacia,Masculino,Frecuente,Mañana,6,7,9,7,8,6,8,5,23,13
913,2026-02-09,Farmacia,Femenino,Nuevo,Noche,7,6,7,5,6,6,5,6,63,9
914,2026-02-09,Planta de alimentos,Femenino,Nuevo,Noche,6,5,5,5,7,4,5,6,38,10
915,2026-02-09,Movilización,Masculino,Frecuente,Mañana,9,7,6,8,7,8,8,9,40,9
916,2026-02-09,Movilización,Femenino,Nuevo,Tarde,7,7,4,8,8,7,6,6,75,7
917,2026-02-09,Movilización,Femenino,Nuevo,Mañana,5,6,5,6,6,5,6,5,51,23
918,2026-02-09,Movilización,Masculino,Frecuente,Noche,8,7,9,7,8,9,10,10,21,17
919,2026-02-09,Movilización,Masculino,Nuevo,Mañana,8,9,6,6,8,8,6,8,31,15
920,2026-02-10,Planta de alimentos,Femenino,Frecuente,Tarde,6,7,8,6,7,6,6,5,26,2
921,2026-02-10,Farmacia,Femenino,Frecuente,Noche,7,8,7,7,8,6,8,7,29,7
922,2026-02-10,Farmacia,Masculino,Nuevo,Tarde,5,7,6,7,9,6,6,5,36,10
923,2026-02-11,Movilización,Femenino,Nuevo,Mañana,8,5,2,7,5,4,5,6,67,20
924,2026-02-11,Farmacia,Femenino,Nuevo,Tarde,8,7,6,8,8,6,7,8,37,6
925,2026-02-11,Movilización,Femenino,Frecuente,Mañana,5,7,4,7,5,6,7,5,21,17
926,2026-02-11,Movilización,Masculino,Frecuente,Tarde,9,9,9,8,8,6,8,9,75,15
927,2026-02-11,Movilización,Masculino,Frecuente,Tarde,8,7,6,7,8,4,7,7,47,14
928,2026-02-11,Farmacia,Femenino,Frecuente,Tarde,5,9,6,6,7,6,8,6,34,15
929,2026-02-11,Movilización,Femenino,Nuevo,Mañana,7,6,7,7,7,7,5,6,75,17
930,2026-02-11,Farmacia,Femenino,Nuevo,Noche,5,7,4,7,8,7,6,4,42,10
931,2026-02-11,Planta de alimentos,Femenino,Frecuente,Noche,10,10,8,9,9,10,9,10,37,7
932,2026-02-11,Farmacia,Femenino,Nuevo,Tarde,8,9,7,6,8,6,7,7,40,8
933,2026-02-12,Movilización,Masculino,Frecuente,Tarde,7,5,4,6,6,5,7,8,37,19
934,2026-02-12,Movilización,Femenino,Nuevo,Mañana,7,6,7,6,5,7,7,7,42,16
935,2026-02-12,Farmacia,Femenino,Frecuente,Tarde,9,8,8,6,9,7,7,10,64,7
936,2026-02-12,Movilización,Femenino,Frecuente,Noche,7,7,7,7,7,5,8,7,55,15
937,2026-02-12,Planta de alimentos,Femenino,Frecuente,Mañana,9,8,7,9,8,9,9,8,59,4
938,2026-02-12,Farmacia,Femenino,Frecuente,Mañana,7,7,7,4,5,5,4,7,30,14
939,2026-02-12,Farmacia,Masculino,Frecuente,Noche,7,7,7,7,6,8,8,7,70,7
940,2026-02-12,Movilización,Otro,Frecuente,Mañana,8,9,8,7,8,7,7,8,33,9
941,2026-02-12,Farmacia,Masculino,Nuevo,Tarde,6,6,3,7,5,8,8,6,18,12
942,2026-02-12,Farmacia,Masculino,Nuevo,Tarde,8,6,8,7,6,7,8,8,70,10
943,2026-02-12,Movilización,Femenino,Frecuente,Mañana,8,8,7,8,5,6,8,7,51,24
944,2026-02-12,Movilización,Femenino,Frecuente,Tarde,6,7,6,6,6,9,6,6,24,20
945,2026-02-12,Movilización,Masculino,Frecuente,Tarde,9,7,8,9,8,8,9,8,37,16
946,2026-02-12,Farmacia,Masculino,Frecuente,Mañana,6,7,5,6,5,6,5,5,48,6
947,2026-02-12,Farmacia,Masculino,Nuevo,Noche,5,5,6,4,6,5,4,5,27,10
948,2026-02-12,Farmacia,Femenino,Nuevo,Mañana,8,8,8,9,8,8,7,8,22,7
949,2026-02-12,Movilización,Femenino,Frecuente,Tarde,8,7,6,6,6,9,6,7,18,13
950,2026-02-13,Planta de alimentos,Femenino,Nuevo,Mañana,8,9,10,9,6,8,8,6,18,3
951,2026-02-13,Planta de alimentos,Femenino,Frecuente,Noche,6,8,6,7,6,6,5,4,41,6
952,2026-02-13,Farmacia,Femenino,Frecuente,Noche,8,9,7,6,8,7,7,8,75,8
953,2026-02-13,Planta de alimentos,Femenino,Frecuente,Mañana,10,10,10,10,10,10,9,10,34,4
954,2026-02-13,Movilización,Masculino,Frecuente,Tarde,8,8,7,8,6,6,7,8,24,22
955,2026-02-13,Farmacia,Masculino,Frecuente,Tarde,8,9,6,8,7,9,9,7,43,10
956,2026-02-13,Planta de alimentos,Femenino,Nuevo,Tarde,6,6,6,7,8,7,6,5,58,14
957,2026-02-14,Farmacia,Masculino,Nuevo,Mañana,5,5,7,7,4,5,3,6,53,15
958,2026-02-14,Planta de alimentos,Femenino,Frecuente,Mañana,8,8,7,7,9,6,9,8,70,7
959,2026-02-14,Movilización,Masculino,Nuevo,Mañana,6,5,7,6,7,6,6,7,42,9
960,2026-02-14,Farmacia,Masculino,Frecuente,Mañana,7,7,8,7,8,8,6,7,75,4
961,2026-02-14,Farmacia,Masculino,Nuevo,Tarde,7,7,6,6,7,8,7,7,58,10
962,2026-02-15,Farmacia,Femenino,Nuevo,Tarde,6,8,7,5,7,7,7,6,22,12
963,2026-02-15,Farmacia,Femenino,Nuevo,Mañana,6,9,7,7,6,7,6,6,39,8
964,2026-02-15,Movilización,Masculino,Frecuente,Tarde,6,6,7,8,8,6,7,6,18,21
965,2026-02-15,Movilización,Masculino,Frecuente,Tarde,5,7,5,7,7,8,5,7,33,13
966,2026-02-15,Farmacia,Femenino,Nuevo,Tarde,4,7,5,6,5,6,7,4,47,15
967,2026-02-15,Movilización,Femenino,Nuevo,Mañana,7,7,5,7,7,6,7,7,50,15
968,2026-02-15,Movilización,Masculino,Frecuente,Tarde,5,8,5,8,8,7,7,7,61,16
969,2026-02-15,Farmacia,Femenino,Frecuente,Mañana,7,8,5,9,7,7,7,7,39,13
970,2026-02-16,Planta de alimentos,Femenino,Frecuente,Tarde,6,7,6,8,8,7,7,7,18,2
971,2026-02-16,Planta de alimentos,Femenino,Nuevo,Tarde,6,7,8,8,9,7,9,6,53,9
972,2026-02-16,Farmacia,Femenino,Frecuente,Tarde,8,8,6,7,7,8,7,9,28,11
973,2026-02-16,Movilización,Femenino,Frecuente,Mañana,7,8,5,6,6,7,5,8,43,12
974,2026-02-16,Movilización,Otro,Frecuente,Tarde,6,6,6,7,7,6,7,5,68,15
975,2026-02-16,Movilización,Masculino,Nuevo,Noche,6,6,6,6,7,8,6,7,24,19
976,2026-02-16,Movilización,Femenino,Frecuente,Noche,6,5,8,7,6,6,5,7,18,18
977,2026-02-16,Farmacia,Masculino,Frecuente,Mañana,10,9,8,8,10,8,9,10,60,10
978,2026-02-16,Farmacia,Femenino,Frecuente,Tarde,7,10,7,9,8,9,8,7,70,2
979,2026-02-16,Planta de alimentos,Femenino,Frecuente,Tarde,9,10,9,8,7,9,8,9,30,3
980,2026-02-17,Farmacia,Femenino,Nuevo,Noche,8,8,6,8,9,7,7,9,71,9
981,2026-02-17,Movilización,Femenino,Frecuente,Mañana,9,8,8,10,7,9,7,8,41,12
982,2026-02-17,Planta de alimentos,Masculino,Frecuente,Mañana,10,6,9,7,10,8,9,10,59,10
983,2026-02-17,Farmacia,Masculino,Nuevo,Mañana,5,7,7,4,7,5,6,3,53,13
984,2026-02-17,Movilización,Masculino,Nuevo,Mañana,4,6,6,5,5,7,4,4,43,24
985,2026-02-17,Movilización,Masculino,Frecuente,Noche,7,7,8,7,6,7,7,8,22,17
986,2026-02-17,Farmacia,Femenino,Frecuente,Noche,7,7,7,4,6,7,8,6,36,10
987,2026-02-17,Farmacia,Femenino,Frecuente,Tarde,8,10,8,7,8,8,7,8,31,11
988,2026-02-17,Farmacia,Femenino,Frecuente,Tarde,8,8,6,8,10,7,9,8,48,16
989,2026-02-17,Farmacia,Masculino,Nuevo,Mañana,4,5,7,6,7,7,3,4,45,12
990,2026-02-17,Planta de alimentos,Femenino,Frecuente,Mañana,8,9,7,7,7,7,9,9,28,6
991,2026-02-17,Farmacia,Femenino,Nuevo,Tarde,5,4,5,7,5,7,4,5,75,14
992,2026-02-17,Farmacia,Femenino,Frecuente,Noche,9,8,9,8,9,9,8,10,64,5
993,2026-02-18,Movilización,Femenino,Nuevo,Noche,6,9,5,8,7,7,6,5,40,19
994,2026-02-18,Planta de alimentos,Femenino,Nuevo,Tarde,6,9,6,7,7,6,7,6,60,3
995,2026-02-18,Planta de alimentos,Femenino,Nuevo,Mañana,5,7,6,8,9,7,7,6,43,11
996,2026-02-18,Farmacia,Masculino,Nuevo,Tarde,6,7,7,7,6,7,7,7,65,7
997,2026-02-18,Farmacia,Masculino,Nuevo,Mañana,7,7,6,8,7,8,6,8,51,17
998,2026-02-19,Farmacia,Femenino,Frecuente,Noche,9,9,8,8,8,8,10,9,46,8
999,2026-02-19,Movilización,Femenino,Frecuente,Tarde,6,6,7,7,8,9,7,8,31,11
1000,2026-02-19,Farmacia,Masculino,Nuevo,Tarde,6,7,5,7,7,8,7,5,36,7
1001,2026-02-19,Movilización,Masculino,Frecuente,Tarde,7,7,6,6,8,7,6,6,33,17
1002,2026-02-19,Movilización,Femenino,Frecuente,Mañana,7,7,9,8,7,7,4,8,40,14
1003,2026-02-19,Movilización,Femenino,Frecuente,Tarde,6,8,8,6,9,7,7,5,27,9
1004,2026-02-19,Movilización,Femenino,Frecuente,Tarde,8,5,5,7,6,6,7,7,26,11
1005,2026-02-19,Farmacia,Masculino,Nuevo,Tarde,8,8,5,7,8,7,7,8,51,8
1006,2026-02-19,Farmacia,Masculino,Frecuente,Noche,6,6,6,8,5,7,7,6,42,14
1007,2026-02-19,Farmacia,Femenino,Frecuente,Mañana,8,8,8,6,9,8,9,7,74,15
1008,2026-02-19,Movilización,Masculino,Nuevo,Tarde,4,6,5,4,6,5,6,4,33,22
1009,2026-02-19,Movilización,Masculino,Nuevo,Tarde,6,7,7,7,8,7,6,6,22,12
1010,2026-02-20,Movilización,Masculino,Frecuente,Noche,7,5,7,6,5,7,7,6,54,19
1011,2026-02-20,Farmacia,Masculino,Nuevo,Mañana,10,7,5,8,8,8,8,10,35,8
1012,2026-02-20,Planta de alimentos,Femenino,Frecuente,Noche,7,6,4,6,8,8,4,7,48,8
1013,2026-02-20,Planta de alimentos,Masculino,Frecuente,Noche,9,7,9,8,8,10,8,9,18,2
1014,2026-02-20,Farmacia,Otro,Frecuente,Noche,8,7,8,9,8,6,7,9,49,11
1015,2026-02-20,Farmacia,Femenino,Frecuente,Tarde,6,8,7,5,8,6,8,5,27,13
1016,2026-02-21,Farmacia,Femenino,Frecuente,Tarde,9,8,8,7,9,6,10,9,25,7
1017,2026-02-21,Planta de alimentos,Otro,Nuevo,Tarde,5,7,6,6,8,8,9,5,48,6
1018,2026-02-21,Farmacia,Femenino,Nuevo,Mañana,6,6,8,7,7,5,4,7,70,5
1019,2026-02-21,Planta de alimentos,Femenino,Frecuente,Noche,8,8,9,5,9,8,8,7,50,2
1020,2026-02-21,Farmacia,Femenino,Frecuente,Noche,7,9,8,7,7,6,5,8,41,11
1021,2026-02-21,Movilización,Masculino,Frecuente,Mañana,7,7,6,8,7,7,5,7,73,12
1022,2026-02-21,Movilización,Masculino,Frecuente,Tarde,8,8,7,8,7,7,7,9,18,18
1023,2026-02-21,Movilización,Femenino,Frecuente,Noche,6,7,5,6,8,6,7,6,45,17
1024,2026-02-21,Farmacia,Femenino,Frecuente,Mañana,8,10,9,8,10,8,8,8,72,12
1025,2026-02-21,Movilización,Femenino,Nuevo,Tarde,6,7,6,10,5,7,5,6,35,19
1026,2026-02-21,Movilización,Femenino,Frecuente,Mañana,10,10,8,9,10,10,10,10,64,15
1027,2026-02-21,Farmacia,Masculino,Frecuente,Noche,7,8,5,7,8,7,6,8,29,8
1028,2026-02-21,Movilización,Masculino,Nuevo,Mañana,8,8,5,6,5,8,7,8,60,14
1029,2026-02-21,Movilización,Masculino,Frecuente,Mañana,7,10,7,8,8,8,8,7,28,13
1030,2026-02-21,Farmacia,Otro,Frecuente,Noche,6,7,7,5,6,10,8,5,34,11
1031,2026-02-21,Movilización,Masculino,Frecuente,Tarde,6,7,6,7,9,6,7,6,20,19
1032,2026-02-21,Movilización,Femenino,Frecuente,Tarde,8,7,8,8,8,8,7,7,41,18
1033,2026-02-22,Movilización,Femenino,Nuevo,Mañana,7,8,6,7,8,6,7,7,41,14
1034,2026-02-22,Planta de alimentos,Femenino,Frecuente,Tarde,7,10,9,10,8,9,10,6,46,4
1035,2026-02-22,Planta de alimentos,Otro,Nuevo,Mañana,6,8,7,7,7,6,7,6,47,4
1036,2026-02-22,Movilización,Femenino,Frecuente,Mañana,8,9,8,7,6,8,6,7,66,21
1037,2026-02-22,Farmacia,Femenino,Frecuente,Mañana,6,8,8,9,7,6,9,7,36,3
1038,2026-02-22,Movilización,Masculino,Frecuente,Tarde,7,7,5,5,8,8,8,7,52,13
1039,2026-02-22,Farmacia,Masculino,Frecuente,Mañana,9,10,10,8,9,8,9,8,39,13
1040,2026-02-23,Movilización,Femenino,Frecuente,Noche,5,5,6,5,4,4,4,4,71,14
1041,2026-02-23,Planta de alimentos,Femenino,Frecuente,Mañana,8,8,6,9,8,6,7,6,18,9
1042,2026-02-23,Movilización,Femenino,Nuevo,Mañana,8,8,7,9,10,9,8,10,41,17
1043,2026-02-23,Farmacia,Masculino,Frecuente,Mañana,8,7,6,8,10,8,8,8,29,3
1044,2026-02-23,Farmacia,Femenino,Frecuente,Mañana,6,8,9,8,10,8,8,6,30,12
1045,2026-02-23,Movilización,Masculino,Nuevo,Noche,6,8,7,7,6,5,6,6,34,18
1046,2026-02-23,Farmacia,Femenino,Frecuente,Mañana,9,8,10,9,8,9,9,7,20,9
1047,2026-02-23,Movilización,Masculino,Nuevo,Mañana,7,8,6,6,7,9,8,7,37,17
1048,2026-02-23,Farmacia,Masculino,Frecuente,Tarde,6,7,7,6,6,4,6,6,55,8
1049,2026-02-23,Planta de alimentos,Masculino,Nuevo,Tarde,8,7,9,7,6,8,8,8,18,2
1050,2026-02-23,Movilización,Masculino,Frecuente,Tarde,6,4,7,4,7,7,6,6,39,12
1051,2026-02-23,Planta de alimentos,Femenino,Frecuente,Mañana,7,10,7,8,8,8,8,7,24,2
1052,2026-02-23,Movilización,Masculino,Frecuente,Tarde,8,8,9,7,8,8,7,8,18,13
1053,2026-02-23,Planta de alimentos,Masculino,Frecuente,Mañana,8,9,9,7,8,7,8,8,26,2
1054,2026-02-24,Movilización,Femenino,Frecuente,Mañana,6,6,6,5,6,5,8,7,66,20
1055,2026-02-24,Planta de alimentos,Femenino,Frecuente,Mañana,8,10,8,8,7,7,7,8,55,5
1056,2026-02-24,Planta de alimentos,Femenino,Nuevo,Mañana,8,8,7,7,9,8,7,9,48,2
1057,2026-02-24,Planta de alimentos,Femenino,Nuevo,Tarde,6,9,9,10,6,8,6,7,46,5
1058,2026-02-24,Farmacia,Masculino,Nuevo,Mañana,7,6,7,6,5,6,7,6,39,14
1059,2026-02-24,Planta de alimentos,Femenino,Frecuente,Mañana,8,6,7,7,8,7,8,7,48,2
1060,2026-02-25,Movilización,Masculino,Frecuente,Mañana,7,7,7,8,8,7,6,8,42,17
1061,2026-02-25,Movilización,Masculino,Frecuente,Mañana,6,7,8,6,7,6,6,6,64,14
1062,2026-02-25,Planta de alimentos,Masculino,Nuevo,Tarde,7,8,7,9,8,6,8,7,25,2
1063,2026-02-25,Farmacia,Masculino,Frecuente,Noche,8,7,8,6,6,8,6,8,54,13
1064,2026-02-25,Farmacia,Masculino,Nuevo,Noche,5,6,5,7,6,6,5,5,49,10
1065,2026-02-25,Movilización,Femenino,Frecuente,Noche,6,5,5,5,7,6,3,5,31,20
1066,2026-02-25,Movilización,Femenino,Frecuente,Mañana,8,8,9,8,8,7,7,9,50,18
1067,2026-02-25,Movilización,Masculino,Nuevo,Noche,6,5,8,6,6,6,5,7,18,21
1068,2026-02-25,Movilización,Femenino,Nuevo,Mañana,6,5,6,5,7,4,3,5,41,11
1069,2026-02-25,Farmacia,Femenino,Frecuente,Noche,8,8,5,8,8,9,7,7,33,2
1070,2026-02-25,Movilización,Femenino,Nuevo,Tarde,6,7,5,7,6,7,6,7,18,18
1071,2026-02-25,Movilización,Masculino,Nuevo,Mañana,7,7,6,7,8,5,7,5,33,21
1072,2026-02-25,Planta de alimentos,Masculino,Nuevo,Mañana,7,8,7,8,8,5,7,7,52,10
1073,2026-02-26,Movilización,Femenino,Nuevo,Noche,4,4,1,5,6,4,4,3,35,23
1074,2026-02-26,Movilización,Femenino,Frecuente,Noche,8,6,7,10,8,6,6,8,18,17
1075,2026-02-26,Movilización,Femenino,Frecuente,Mañana,9,8,6,6,8,8,8,10,47,13
1076,2026-02-26,Planta de alimentos,Masculino,Nuevo,Mañana,6,7,8,9,7,5,8,5,26,6
1077,2026-02-26,Movilización,Masculino,Frecuente,Tarde,5,7,5,7,5,5,5,4,20,20
1078,2026-02-26,Planta de alimentos,Femenino,Frecuente,Tarde,8,10,6,9,6,10,8,9,55,2
1079,2026-02-26,Movilización,Otro,Nuevo,Noche,4,4,5,7,5,6,5,5,54,18
1080,2026-02-26,Planta de alimentos,Masculino,Nuevo,Noche,8,8,7,7,6,8,7,7,66,5
1081,2026-02-26,Movilización,Femenino,Frecuente,Noche,6,8,7,6,5,5,4,5,43,19
1082,2026-02-26,Farmacia,Masculino,Frecuente,Tarde,8,8,10,8,8,7,6,7,31,12
1083,2026-02-26,Planta de alimentos,Femenino,Frecuente,Tarde,7,8,8,7,9,6,7,6,37,9
1084,2026-02-26,Planta de alimentos,Masculino,Frecuente,Tarde,7,7,5,6,7,8,7,6,45,5
1085,2026-02-27,Movilización,Masculino,Nuevo,Mañana,9,6,6,5,7,7,7,8,53,17
1086,2026-02-27,Planta de alimentos,Masculino,Frecuente,Tarde,7,8,6,8,8,8,7,7,44,7
1087,2026-02-27,Planta de alimentos,Masculino,Frecuente,Mañana,9,7,7,9,8,9,9,8,43,11
1088,2026-02-27,Farmacia,Masculino,Frecuente,Tarde,6,8,8,8,7,9,8,6,47,9
1089,2026-02-28,Farmacia,Masculino,Frecuente,Mañana,7,8,8,8,7,8,8,7,31,10
1090,2026-02-28,Farmacia,Femenino,Nuevo,Tarde,5,6,3,6,7,5,5,5,39,12
1091,2026-02-28,Planta de alimentos,Femenino,Frecuente,Noche,9,6,8,7,7,7,6,9,37,3
1092,2026-02-28,Farmacia,Femenino,Nuevo,Tarde,7,7,5,7,7,6,7,7,39,5
1093,2026-02-28,Movilización,Masculino,Frecuente,Mañana,8,7,7,7,10,9,8,8,41,14
1094,2026-02-28,Movilización,Masculino,Frecuente,Noche,7,7,7,7,7,7,7,7,18,17
1095,2026-02-28,Farmacia,Masculino,Nuevo,Tarde,7,7,4,6,5,5,3,6,39,2
1096,2026-02-28,Planta de alimentos,Femenino,Frecuente,Tarde,9,10,8,8,9,8,7,9,53,4
1097,2026-02-28,Farmacia,Femenino,Frecuente,Tarde,6,8,6,8,7,9,8,9,43,13
1098,2026-02-28,Movilización,Masculino,Frecuente,Mañana,9,9,6,10,10,10,9,10,48,9
1099,2026-02-28,Movilización,Femenino,Frecuente,Mañana,10,9,7,8,8,9,9,10,39,13
1100,2026-03-01,Planta de alimentos,Masculino,Frecuente,Tarde,6,8,7,7,7,8,8,7,41,6
1101,2026-03-01,Farmacia,Femenino,Nuevo,Mañana,7,7,6,7,8,6,7,9,39,10
1102,2026-03-01,Movilización,Femenino,Frecuente,Noche,8,5,4,7,5,7,6,8,26,17
1103,2026-03-01,Planta de alimentos,Masculino,Frecuente,Tarde,9,6,8,7,9,9,7,8,32,7
1104,2026-03-01,Movilización,Masculino,Nuevo,Mañana,6,7,6,5,7,7,5,7,43,18
1105,2026-03-01,Movilización,Femenino,Nuevo,Noche,5,7,5,7,5,6,5,6,40,11
1106,2026-03-02,Farmacia,Masculino,Frecuente,Noche,6,7,6,8,10,7,8,7,47,8
1107,2026-03-02,Planta de alimentos,Femenino,Frecuente,Tarde,8,7,10,9,8,9,7,7,58,5
1108,2026-03-02,Farmacia,Femenino,Frecuente,Mañana,9,8,9,7,10,10,9,8,34,4
1109,2026-03-02,Movilización,Femenino,Frecuente,Tarde,7,7,8,7,7,10,8,8,31,18
1110,2026-03-02,Movilización,Otro,Frecuente,Mañana,7,7,5,7,9,9,8,8,67,20
1111,2026-03-02,Farmacia,Otro,Frecuente,Tarde,8,8,8,8,9,9,7,6,29,11
1112,2026-03-02,Farmacia,Femenino,Frecuente,Noche,7,7,7,7,8,7,6,7,44,11
1113,2026-03-02,Movilización,Masculino,Frecuente,Mañana,8,8,7,7,9,8,8,8,18,13
1114,2026-03-02,Planta de alimentos,Femenino,Nuevo,Tarde,7,5,7,8,8,7,8,7,45,3
1115,2026-03-02,Planta de alimentos,Femenino,Frecuente,Noche,4,6,5,5,6,6,6,4,64,9
1116,2026-03-03,Planta de alimentos,Femenino,Frecuente,Mañana,8,7,8,9,8,6,9,8,51,5
1117,2026-03-03,Farmacia,Femenino,Frecuente,Noche,8,9,7,9,10,7,7,8,39,6
1118,2026-03-03,Farmacia,Masculino,Frecuente,Tarde,7,9,7,9,9,7,8,6,47,7
1119,2026-03-03,Planta de alimentos,Femenino,Frecuente,Mañana,8,9,7,10,8,8,8,9,74,5
1120,2026-03-03,Farmacia,Femenino,Frecuente,Tarde,8,8,9,10,8,7,9,8,24,9
1121,2026-03-03,Movilización,Masculino,Nuevo,Tarde,7,7,4,6,7,7,7,8,51,11
1122,2026-03-03,Farmacia,Masculino,Frecuente,Mañana,8,10,10,7,10,8,9,8,37,8
1123,2026-03-03,Planta de alimentos,Femenino,Nuevo,Noche,8,5,7,8,8,7,7,8,38,2
1124,2026-03-03,Planta de alimentos,Masculino,Frecuente,Tarde,7,7,7,9,8,9,7,7,18,2
1125,2026-03-03,Farmacia,Masculino,Frecuente,Mañana,9,9,10,9,8,8,10,9,40,13
1126,2026-03-04,Farmacia,Masculino,Frecuente,Mañana,6,5,5,6,7,7,6,6,34,8
1127,2026-03-04,Movilización,Masculino,Frecuente,Tarde,7,5,6,6,8,6,8,8,46,23
1128,2026-03-04,Planta de alimentos,Masculino,Nuevo,Mañana,7,8,5,6,5,7,8,6,44,5
1129,2026-03-04,Movilización,Otro,Frecuente,Noche,4,7,6,8,7,7,5,4,32,21
1130,2026-03-04,Movilización,Masculino,Frecuente,Mañana,9,9,10,9,8,7,9,9,52,11
1131,2026-03-04,Movilización,Masculino,Frecuente,Tarde,6,7,6,6,8,5,7,5,64,18
1132,2026-03-04,Planta de alimentos,Femenino,Frecuente,Mañana,7,8,8,6,8,7,9,6,32,6
1133,2026-03-04,Planta de alimentos,Masculino,Nuevo,Tarde,7,7,5,7,8,8,8,7,35,3
1134,2026-03-04,Movilización,Otro,Nuevo,Mañana,6,8,5,7,8,5,7,7,36,16
1135,2026-03-05,Farmacia,Masculino,Frecuente,Mañana,7,6,8,7,7,6,6,6,22,5
1136,2026-03-05,Farmacia,Masculino,Nuevo,Noche,8,6,6,5,6,7,7,9,36,11
1137,2026-03-05,Farmacia,Masculino,Frecuente,Mañana,8,9,7,10,9,8,9,8,52,9
1138,2026-03-05,Farmacia,Femenino,Frecuente,Tarde,6,6,7,5,5,6,5,5,22,14
1139,2026-03-06,Movilización,Masculino,Nuevo,Mañana,6,7,4,6,8,7,7,8,18,14
1140,2026-03-06,Planta de alimentos,Femenino,Nuevo,Mañana,7,6,5,7,9,9,6,7,66,6
1141,2026-03-06,Farmacia,Masculino,Frecuente,Mañana,8,8,7,8,7,7,8,7,49,7
1142,2026-03-06,Planta de alimentos,Femenino,Frecuente,Mañana,8,8,8,10,10,10,10,10,18,2
1143,2026-03-06,Farmacia,Masculino,Frecuente,Noche,8,7,5,8,7,6,7,9,48,2
1144,2026-03-06,Planta de alimentos,Femenino,Frecuente,Noche,10,8,9,9,10,9,9,9,37,4
1145,2026-03-06,Farmacia,Femenino,Frecuente,Noche,9,8,9,7,9,8,10,9,26,9
1146,2026-03-06,Movilización,Masculino,Nuevo,Tarde,6,6,6,6,8,6,5,6,43,12
1147,2026-03-07,Movilización,Femenino,Frecuente,Mañana,9,9,7,9,9,8,8,9,33,16
1148,2026-03-07,Planta de alimentos,Masculino,Frecuente,Mañana,7,7,7,8,7,8,7,9,21,3
1149,2026-03-07,Movilización,Masculino,Frecuente,Noche,6,6,6,7,7,8,6,5,53,18
1150,2026-03-07,Movilización,Masculino,Frecuente,Mañana,6,7,4,4,7,7,6,4,58,17
1151,2026-03-07,Planta de alimentos,Masculino,Frecuente,Noche,5,7,4,7,5,6,4,5,18,7
1152,2026-03-08,Planta de alimentos,Masculino,Frecuente,Tarde,8,10,7,9,6,6,9,8,53,3
1153,2026-03-08,Farmacia,Masculino,Frecuente,Tarde,8,10,7,8,9,7,7,8,55,3
1154,2026-03-08,Planta de alimentos,Masculino,Frecuente,Mañana,8,8,9,8,8,10,7,9,53,16
1155,2026-03-08,Movilización,Masculino,Nuevo,Mañana,5,8,5,7,7,4,6,7,54,16
1156,2026-03-08,Planta de alimentos,Femenino,Nuevo,Tarde,7,8,9,9,6,10,8,8,28,2
1157,2026-03-08,Movilización,Otro,Frecuente,Mañana,7,7,8,5,7,5,7,7,37,13
1158,2026-03-08,Farmacia,Femenino,Frecuente,Mañana,7,5,5,8,7,7,7,8,37,10
1159,2026-03-08,Farmacia,Masculino,Nuevo,Noche,6,6,6,6,5,6,6,4,47,14
1160,2026-03-08,Farmacia,Masculino,Frecuente,Tarde,6,10,8,9,10,8,7,8,51,14
1161,2026-03-08,Farmacia,Masculino,Nuevo,Mañana,6,7,7,5,8,8,6,7,60,12
1162,2026-03-08,Movilización,Masculino,Frecuente,Tarde,6,6,7,5,6,7,7,6,44,16
1163,2026-03-09,Movilización,Femenino,Nuevo,Mañana,6,5,8,7,8,8,7,6,40,18
1164,2026-03-09,Planta de alimentos,Femenino,Frecuente,Mañana,8,7,8,7,8,10,7,6,51,7
1165,2026-03-09,Movilización,Masculino,Frecuente,Noche,5,7,6,6,6,6,5,5,42,17
1166,2026-03-09,Planta de alimentos,Femenino,Frecuente,Noche,8,8,7,8,8,8,7,9,44,5
1167,2026-03-09,Planta de alimentos,Femenino,Frecuente,Mañana,9,9,6,8,10,9,9,7,38,3
1168,2026-03-09,Farmacia,Femenino,Frecuente,Tarde,8,7,9,8,9,7,7,7,22,7
1169,2026-03-09,Farmacia,Femenino,Frecuente,Mañana,10,9,9,9,9,10,8,10,39,4
1170,2026-03-09,Farmacia,Masculino,Nuevo,Tarde,7,8,5,7,5,7,5,7,26,11
1171,2026-03-09,Farmacia,Femenino,Nuevo,Tarde,6,7,7,6,6,6,7,7,58,13
1172,2026-03-09,Planta de alimentos,Femenino,Frecuente,Noche,6,10,6,9,8,8,7,6,31,10
1173,2026-03-09,Farmacia,Masculino,Nuevo,Tarde,8,7,6,7,9,7,8,8,42,12
1174,2026-03-10,Farmacia,Femenino,Frecuente,Tarde,7,7,7,7,5,7,7,7,33,5
1175,2026-03-10,Movilización,Masculino,Frecuente,Mañana,9,9,6,8,10,10,10,9,59,18
1176,2026-03-10,Planta de alimentos,Otro,Nuevo,Noche,6,5,3,5,4,5,6,5,64,5
1177,2026-03-10,Farmacia,Masculino,Frecuente,Tarde,7,7,7,7,8,6,5,7,50,11
1178,2026-03-10,Movilización,Masculino,Nuevo,Tarde,7,6,3,6,6,6,7,6,30,15
1179,2026-03-10,Movilización,Masculino,Nuevo,Mañana,6,7,7,6,7,6,6,6,54,15
1180,2026-03-10,Planta de alimentos,Femenino,Frecuente,Noche,8,9,8,8,9,6,8,8,45,2
1181,2026-03-10,Movilización,Femenino,Nuevo,Tarde,4,6,3,6,5,6,5,3,46,17
1182,2026-03-10,Movilización,Masculino,Nuevo,Mañana,7,6,6,6,7,8,6,8,44,15
1183,2026-03-10,Movilización,Masculino,Frecuente,Tarde,6,7,6,7,8,5,6,6,37,17
1184,2026-03-10,Planta de alimentos,Femenino,Nuevo,Tarde,6,6,5,6,7,7,6,5,40,4
1185,2026-03-10,Farmacia,Femenino,Nuevo,Noche,6,6,7,6,6,8,8,7,40,9
1186,2026-03-10,Farmacia,Femenino,Frecuente,Noche,6,8,8,7,9,6,9,6,34,9
1187,2026-03-10,Planta de alimentos,Femenino,Frecuente,Noche,7,7,8,8,6,7,6,6,57,5
1188,2026-03-11,Movilización,Femenino,Frecuente,Tarde,8,9,8,8,9,9,9,8,34,15
1189,2026-03-11,Planta de alimentos,Masculino,Frecuente,Mañana,10,10,8,9,9,8,10,10,55,4
1190,2026-03-11,Farmacia,Masculino,Frecuente,Mañana,8,8,6,7,7,7,8,8,56,12
1191,2026-03-11,Farmacia,Femenino,Nuevo,Noche,6,6,4,8,6,6,6,7,39,5
1192,2026-03-11,Movilización,Masculino,Frecuente,Noche,5,5,6,7,4,4,4,5,36,20
1193,2026-03-11,Movilización,Masculino,Nuevo,Noche,7,6,6,6,5,5,6,7,47,13
1194,2026-03-11,Movilización,Femenino,Frecuente,Noche,9,8,6,8,8,7,9,9,18,14
1195,2026-03-11,Farmacia,Femenino,Frecuente,Tarde,7,8,7,7,9,10,7,6,35,5
1196,2026-03-11,Farmacia,Femenino,Frecuente,Mañana,9,8,9,8,8,7,7,9,59,3
1197,2026-03-11,Movilización,Femenino,Nuevo,Tarde,6,6,5,6,6,4,6,5,25,19
1198,2026-03-12,Movilización,Femenino,Nuevo,Mañana,7,9,7,7,8,8,8,9,36,20
1199,2026-03-12,Movilización,Femenino,Nuevo,Mañana,6,5,6,5,5,4,4,6,40,20
1200,2026-03-12,Movilización,Femenino,Frecuente,Tarde,8,8,7,7,7,7,8,8,18,12
1201,2026-03-12,Farmacia,Masculino,Nuevo,Tarde,7,5,6,7,9,7,7,7,26,8
1202,2026-03-12,Farmacia,Masculino,Frecuente,Tarde,6,7,8,9,7,8,6,6,58,16
1203,2026-03-12,Farmacia,Masculino,Frecuente,Tarde,8,8,7,8,5,7,8,7,35,14
1204,2026-03-12,Planta de alimentos,Femenino,Frecuente,Mañana,10,10,7,9,8,7,10,10,65,4
1205,2026-03-12,Movilización,Femenino,Frecuente,Tarde,7,5,6,6,7,5,8,6,57,18
1206,2026-03-12,Movilización,Femenino,Frecuente,Tarde,7,8,8,7,8,7,6,6,48,9
1207,2026-03-13,Movilización,Masculino,Nuevo,Mañana,7,6,6,6,6,7,7,7,49,19
1208,2026-03-13,Planta de alimentos,Femenino,Frecuente,Tarde,8,7,8,7,9,8,9,8,57,3
1209,2026-03-13,Farmacia,Femenino,Frecuente,Tarde,8,10,7,8,8,9,8,8,32,10
1210,2026-03-13,Movilización,Masculino,Nuevo,Mañana,5,8,5,6,8,9,7,6,24,20
1211,2026-03-13,Movilización,Femenino,Frecuente,Mañana,8,8,7,8,10,7,10,9,24,13
1212,2026-03-13,Movilización,Femenino,Nuevo,Tarde,5,5,7,6,7,4,6,5,41,16
1213,2026-03-13,Movilización,Femenino,Nuevo,Tarde,6,7,7,7,6,5,6,6,26,20
1214,2026-03-13,Movilización,Femenino,Frecuente,Tarde,6,6,6,5,5,6,6,5,42,9
1215,2026-03-13,Movilización,Masculino,Frecuente,Tarde,7,9,7,7,5,6,8,8,36,15
1216,2026-03-13,Farmacia,Femenino,Frecuente,Tarde,7,6,6,8,7,5,6,6,38,7
1217,2026-03-14,Planta de alimentos,Femenino,Nuevo,Tarde,7,5,4,7,6,5,6,7,60,2
1218,2026-03-14,Movilización,Masculino,Frecuente,Tarde,6,7,8,8,8,9,8,7,59,12
1219,2026-03-14,Movilización,Femenino,Nuevo,Tarde,6,7,5,6,6,7,5,6,39,20
1220,2026-03-14,Farmacia,Masculino,Nuevo,Tarde,8,6,4,8,6,6,7,9,28,17
1221,2026-03-14,Farmacia,Masculino,Nuevo,Tarde,8,8,8,10,10,9,7,8,45,7
1222,2026-03-14,Farmacia,Masculino,Frecuente,Mañana,8,8,7,5,8,8,6,8,39,7
1223,2026-03-14,Movilización,Masculino,Nuevo,Tarde,7,5,6,5,7,5,7,7,34,15
1224,2026-03-14,Farmacia,Femenino,Nuevo,Mañana,4,6,5,4,5,5,7,3,19,12
1225,2026-03-14,Planta de alimentos,Masculino,Frecuente,Noche,6,7,6,6,6,4,6,6,20,5
1226,2026-03-15,Farmacia,Otro,Frecuente,Noche,7,8,6,8,6,6,6,7,53,11
1227,2026-03-15,Movilización,Masculino,Frecuente,Tarde,6,9,9,7,7,7,7,5,46,17
1228,2026-03-15,Movilización,Masculino,Frecuente,Tarde,5,7,7,8,6,8,7,6,75,17
1229,2026-03-15,Farmacia,Masculino,Frecuente,Mañana,10,6,8,7,8,8,7,9,18,2
1230,2026-03-15,Planta de alimentos,Masculino,Frecuente,Mañana,8,8,8,7,8,7,7,9,55,4
1231,2026-03-15,Planta de alimentos,Otro,Frecuente,Mañana,8,9,9,9,8,8,8,7,27,2
1232,2026-03-15,Planta de alimentos,Femenino,Nuevo,Noche,5,6,6,6,7,5,5,7,30,16
1233,2026-03-15,Farmacia,Femenino,Frecuente,Mañana,8,9,8,8,8,8,8,6,25,5
1234,2026-03-15,Movilización,Masculino,Frecuente,Mañana,7,6,6,3,7,9,6,6,35,18
1235,2026-03-16,Farmacia,Otro,Frecuente,Tarde,7,8,8,10,7,7,10,8,51,7
1236,2026-03-16,Farmacia,Femenino,Frecuente,Tarde,6,9,8,8,8,7,9,5,18,10
1237,2026-03-16,Movilización,Femenino,Frecuente,Tarde,7,8,8,7,5,8,7,7,33,17
1238,2026-03-16,Movilización,Masculino,Frecuente,Noche,7,7,8,8,6,5,6,8,36,12
1239,2026-03-16,Planta de alimentos,Otro,Frecuente,Tarde,10,9,8,8,9,7,9,9,29,4
1240,2026-03-16,Farmacia,Femenino,Frecuente,Mañana,7,8,7,8,7,9,8,6,50,15
1241,2026-03-16,Movilización,Masculino,Frecuente,Noche,6,7,5,9,7,6,7,7,35,14
1242,2026-03-17,Movilización,Femenino,Frecuente,Mañana,8,7,6,6,7,6,10,8,34,16
1243,2026-03-17,Movilización,Masculino,Frecuente,Mañana,7,7,7,8,9,7,8,7,43,15
1244,2026-03-17,Planta de alimentos,Femenino,Frecuente,Mañana,10,8,8,9,8,7,7,10,46,6
1245,2026-03-17,Movilización,Femenino,Nuevo,Mañana,8,8,7,8,6,7,6,9,51,13
1246,2026-03-17,Planta de alimentos,Femenino,Nuevo,Tarde,9,7,8,10,10,8,9,10,40,2
1247,2026-03-17,Farmacia,Masculino,Nuevo,Mañana,8,6,5,7,8,9,9,8,38,6
1248,2026-03-17,Farmacia,Femenino,Frecuente,Tarde,8,6,8,6,7,7,6,9,42,4
1249,2026-03-17,Planta de alimentos,Masculino,Frecuente,Tarde,7,7,7,7,8,8,8,6,30,2
1250,2026-03-17,Farmacia,Femenino,Frecuente,Tarde,9,9,7,6,7,7,7,10,49,13
1251,2026-03-17,Movilización,Masculino,Frecuente,Noche,7,7,6,7,6,8,8,8,32,19
1252,2026-03-17,Farmacia,Masculino,Frecuente,Mañana,9,10,9,8,10,10,8,10,38,12
1253,2026-03-17,Farmacia,Masculino,Frecuente,Tarde,6,8,4,8,8,8,7,5,48,13
1254,2026-03-18,Movilización,Otro,Nuevo,Tarde,6,6,6,6,7,6,6,7,40,16
1255,2026-03-18,Farmacia,Femenino,Frecuente,Mañana,9,9,6,8,7,7,8,10,18,8
1256,2026-03-18,Planta de alimentos,Femenino,Nuevo,Tarde,7,8,5,7,8,8,6,8,42,8
1257,2026-03-18,Farmacia,Masculino,Nuevo,Mañana,7,8,5,8,8,7,5,7,53,11
1258,2026-03-18,Farmacia,Femenino,Frecuente,Tarde,7,8,7,6,6,8,7,6,54,9
1259,2026-03-18,Farmacia,Otro,Nuevo,Mañana,7,8,7,10,8,7,7,8,25,9
1260,2026-03-18,Planta de alimentos,Masculino,Nuevo,Tarde,5,7,5,7,6,7,6,4,54,4
1261,2026-03-19,Farmacia,Femenino,Nuevo,Tarde,7,6,5,7,5,5,5,6,38,10
1262,2026-03-19,Planta de alimentos,Masculino,Frecuente,Tarde,6,6,5,6,8,8,7,6,69,10
1263,2026-03-19,Planta de alimentos,Femenino,Frecuente,Tarde,4,5,5,8,6,7,6,4,41,7
1264,2026-03-19,Movilización,Masculino,Frecuente,Tarde,9,7,7,7,5,8,8,10,33,13
1265,2026-03-20,Farmacia,Femenino,Frecuente,Tarde,8,9,7,7,6,7,8,8,40,9
1266,2026-03-20,Movilización,Femenino,Nuevo,Mañana,8,9,10,9,9,8,9,9,29,15
1267,2026-03-20,Movilización,Femenino,Frecuente,Tarde,7,7,7,8,8,6,6,8,37,16
1268,2026-03-20,Movilización,Femenino,Frecuente,Tarde,7,7,7,5,6,6,6,8,37,12
1269,2026-03-20,Movilización,Masculino,Frecuente,Mañana,7,10,7,7,8,8,9,6,27,19
1270,2026-03-20,Farmacia,Femenino,Frecuente,Tarde,7,7,6,7,9,6,8,7,38,13
1271,2026-03-20,Planta de alimentos,Femenino,Frecuente,Mañana,8,8,6,9,8,8,9,6,43,9
1272,2026-03-20,Movilización,Masculino,Frecuente,Mañana,7,7,6,7,7,6,6,7,52,19
1273,2026-03-20,Farmacia,Femenino,Nuevo,Mañana,5,7,7,5,7,6,7,5,50,16
1274,2026-03-21,Movilización,Masculino,Nuevo,Mañana,5,5,3,6,5,6,5,5,18,21
1275,2026-03-21,Planta de alimentos,Femenino,Frecuente,Tarde,6,7,7,6,6,7,7,5,49,5
1276,2026-03-21,Farmacia,Masculino,Nuevo,Tarde,7,7,5,5,6,5,6,7,34,12
1277,2026-03-21,Planta de alimentos,Femenino,Frecuente,Mañana,10,10,10,9,8,9,9,8,44,2
1278,2026-03-21,Farmacia,Femenino,Frecuente,Tarde,8,7,6,10,8,7,6,6,25,9
1279,2026-03-21,Farmacia,Femenino,Frecuente,Noche,9,7,5,9,8,7,7,8,45,13
1280,2026-03-21,Farmacia,Femenino,Frecuente,Tarde,8,8,9,8,9,8,7,8,18,13
1281,2026-03-21,Farmacia,Femenino,Frecuente,Tarde,9,9,8,8,9,6,8,8,39,6
1282,2026-03-21,Planta de alimentos,Femenino,Frecuente,Noche,8,7,7,7,6,7,7,7,44,5
1283,2026-03-21,Movilización,Masculino,Frecuente,Tarde,5,5,4,5,6,5,7,5,47,16
1284,2026-03-22,Farmacia,Masculino,Frecuente,Mañana,9,8,8,8,9,6,7,9,50,8
1285,2026-03-22,Movilización,Masculino,Frecuente,Noche,7,7,6,5,6,7,6,8,47,13
1286,2026-03-22,Planta de alimentos,Masculino,Frecuente,Tarde,6,6,8,7,7,6,7,6,23,9
1287,2026-03-22,Movilización,Femenino,Nuevo,Tarde,7,6,6,7,8,4,6,8,29,13
1288,2026-03-22,Planta de alimentos,Masculino,Nuevo,Tarde,8,9,8,5,9,8,8,9,18,8
1289,2026-03-22,Movilización,Masculino,Frecuente,Mañana,9,10,7,8,7,7,8,8,54,14
1290,2026-03-22,Movilización,Femenino,Nuevo,Mañana,9,7,6,9,7,7,7,9,45,18
1291,2026-03-22,Farmacia,Femenino,Nuevo,Tarde,7,8,7,6,6,5,6,6,31,11
1292,2026-03-22,Farmacia,Masculino,Frecuente,Mañana,9,10,8,10,9,8,10,10,38,9
1293,2026-03-23,Farmacia,Femenino,Frecuente,Mañana,8,8,6,9,9,8,6,7,43,12
1294,2026-03-23,Movilización,Masculino,Frecuente,Tarde,6,6,4,6,6,6,8,6,55,20
1295,2026-03-23,Farmacia,Masculino,Nuevo,Mañana,8,6,7,7,8,6,7,8,65,15
1296,2026-03-23,Planta de alimentos,Femenino,Frecuente,Noche,7,9,5,10,8,8,9,9,33,8
1297,2026-03-23,Farmacia,Femenino,Nuevo,Mañana,6,8,7,8,7,8,7,7,28,8
1298,2026-03-23,Movilización,Femenino,Frecuente,Mañana,8,8,8,9,8,7,7,10,61,14
1299,2026-03-23,Farmacia,Masculino,Nuevo,Mañana,5,9,6,6,8,6,7,4,37,10
1300,2026-03-23,Movilización,Masculino,Frecuente,Tarde,9,8,8,9,9,7,8,9,68,14
1301,2026-03-24,Movilización,Femenino,Frecuente,Tarde,8,8,9,9,9,8,7,9,42,16
1302,2026-03-24,Farmacia,Masculino,Nuevo,Mañana,6,8,7,7,6,6,5,6,56,15
1303,2026-03-24,Planta de alimentos,Masculino,Frecuente,Noche,7,9,6,9,7,5,7,7,66,2
1304,2026-03-24,Movilización,Femenino,Nuevo,Tarde,6,6,6,5,4,7,7,6,58,16
1305,2026-03-24,Farmacia,Masculino,Frecuente,Tarde,8,10,9,9,7,8,8,7,36,12
1306,2026-03-24,Farmacia,Masculino,Frecuente,Tarde,9,9,9,10,10,8,8,8,42,11
1307,2026-03-24,Planta de alimentos,Femenino,Nuevo,Mañana,8,9,7,8,8,7,8,8,50,4
1308,2026-03-24,Planta de alimentos,Masculino,Frecuente,Noche,8,8,7,8,7,6,6,7,48,2
1309,2026-03-24,Planta de alimentos,Masculino,Frecuente,Noche,8,10,9,9,10,9,8,9,48,5
1310,2026-03-24,Farmacia,Masculino,Nuevo,Tarde,6,6,5,6,6,5,8,6,65,7
1311,2026-03-24,Movilización,Masculino,Frecuente,Tarde,4,7,6,8,7,6,5,4,30,19
1312,2026-03-24,Planta de alimentos,Masculino,Frecuente,Mañana,7,7,9,9,9,9,9,7,19,7
1313,2026-03-25,Farmacia,Femenino,Frecuente,Mañana,8,7,7,8,8,6,6,9,38,14
1314,2026-03-25,Farmacia,Masculino,Nuevo,Tarde,7,8,7,8,6,8,7,7,44,17
1315,2026-03-25,Movilización,Masculino,Frecuente,Tarde,7,8,6,9,7,7,7,8,50,15
1316,2026-03-25,Movilización,Masculino,Nuevo,Tarde,6,6,3,5,7,7,5,6,24,20
1317,2026-03-25,Farmacia,Masculino,Nuevo,Mañana,8,7,6,8,6,7,6,8,42,6
1318,2026-03-25,Movilización,Masculino,Nuevo,Noche,6,7,5,5,5,6,7,6,49,11
1319,2026-03-25,Planta de alimentos,Femenino,Nuevo,Tarde,6,6,6,9,7,6,8,6,29,7
1320,2026-03-25,Farmacia,Masculino,Frecuente,Mañana,6,6,4,7,7,6,5,5,32,13
1321,2026-03-25,Planta de alimentos,Masculino,Nuevo,Mañana,6,8,8,5,9,8,7,7,43,4
1322,2026-03-25,Farmacia,Masculino,Frecuente,Tarde,7,8,7,7,7,8,7,6,43,11
1323,2026-03-25,Movilización,Femenino,Frecuente,Mañana,8,8,6,9,8,6,9,9,39,21
1324,2026-03-25,Farmacia,Femenino,Frecuente,Mañana,7,10,8,10,10,8,8,8,54,14
1325,2026-03-25,Movilización,Femenino,Nuevo,Tarde,6,6,3,7,6,6,6,7,27,19
1326,2026-03-25,Planta de alimentos,Masculino,Nuevo,Tarde,7,6,7,5,6,7,7,7,40,8
1327,2026-03-26,Farmacia,Masculino,Nuevo,Mañana,7,6,6,6,6,6,8,6,58,3
1328,2026-03-26,Movilización,Masculino,Frecuente,Tarde,8,8,7,8,7,8,6,8,39,17
1329,2026-03-26,Farmacia,Femenino,Nuevo,Mañana,7,6,4,4,7,6,7,7,45,9
1330,2026-03-26,Planta de alimentos,Femenino,Frecuente,Noche,7,10,8,7,7,6,8,8,59,6
1331,2026-03-26,Farmacia,Femenino,Frecuente,Mañana,7,10,8,10,8,7,9,8,61,6
1332,2026-03-26,Movilización,Masculino,Nuevo,Mañana,5,7,7,6,8,6,5,6,65,13
1333,2026-03-26,Movilización,Femenino,Frecuente,Mañana,7,10,9,8,7,9,7,6,33,10
1334,2026-03-26,Planta de alimentos,Femenino,Frecuente,Tarde,6,8,9,8,7,6,7,5,52,11
1335,2026-03-26,Movilización,Masculino,Nuevo,Tarde,8,5,6,7,7,8,7,7,53,11
1336,2026-03-26,Movilización,Femenino,Frecuente,Noche,7,6,5,8,7,8,7,8,68,15
1337,2026-03-26,Farmacia,Femenino,Frecuente,Mañana,8,7,7,6,9,7,9,9,61,9
1338,2026-03-27,Movilización,Femenino,Nuevo,Tarde,7,6,6,8,8,5,8,7,30,22
1339,2026-03-27,Farmacia,Femenino,Frecuente,Tarde,6,8,6,6,5,5,7,6,24,7
1340,2026-03-27,Planta de alimentos,Masculino,Nuevo,Mañana,8,8,8,7,6,9,7,7,31,10
1341,2026-03-27,Planta de alimentos,Masculino,Nuevo,Mañana,8,8,8,8,9,6,6,7,29,10
1342,2026-03-27,Planta de alimentos,Masculino,Nuevo,Tarde,6,6,6,6,9,8,6,7,55,7
1343,2026-03-27,Movilización,Masculino,Nuevo,Mañana,6,6,6,5,5,5,5,6,49,18
1344,2026-03-27,Farmacia,Masculino,Nuevo,Mañana,6,5,7,7,6,6,7,6,49,9
1345,2026-03-27,Movilización,Masculino,Frecuente,Mañana,8,5,8,8,9,6,6,8,31,11
1346,2026-03-27,Movilización,Masculino,Frecuente,Tarde,6,6,6,7,6,6,9,6,38,17
1347,2026-03-27,Movilización,Femenino,Nuevo,Noche,6,6,6,8,6,4,4,6,23,16
1348,2026-03-27,Movilización,Masculino,Nuevo,Mañana,8,7,7,6,6,8,7,7,34,13
1349,2026-03-27,Planta de alimentos,Masculino,Frecuente,Tarde,9,9,9,9,8,9,10,9,74,7
1350,2026-03-27,Farmacia,Femenino,Frecuente,Mañana,8,7,7,6,8,7,7,6,27,13
1351,2026-03-28,Farmacia,Otro,Nuevo,Noche,6,8,7,8,7,7,5,6,46,12
1352,2026-03-28,Movilización,Masculino,Nuevo,Noche,7,6,2,6,6,6,5,5,32,14
1353,2026-03-28,Farmacia,Masculino,Frecuente,Mañana,10,10,8,10,10,9,10,9,40,10
1354,2026-03-28,Planta de alimentos,Masculino,Frecuente,Noche,9,8,8,7,5,7,6,7,42,2
1355,2026-03-28,Planta de alimentos,Femenino,Frecuente,Tarde,6,8,6,9,7,7,5,5,43,2
1356,2026-03-28,Movilización,Femenino,Frecuente,Noche,8,8,6,6,7,8,5,8,48,15
1357,2026-03-28,Movilización,Masculino,Frecuente,Mañana,7,6,7,6,6,7,7,6,50,15
1358,2026-03-28,Movilización,Masculino,Nuevo,Mañana,5,6,6,6,7,9,4,5,38,16
1359,2026-03-28,Farmacia,Femenino,Frecuente,Mañana,5,8,7,6,6,6,6,4,25,10
1360,2026-03-28,Movilización,Masculino,Frecuente,Mañana,8,7,5,7,6,8,6,8,51,16
1361,2026-03-29,Movilización,Masculino,Frecuente,Tarde,8,7,7,7,8,7,7,7,45,10
1362,2026-03-29,Farmacia,Masculino,Frecuente,Tarde,9,8,8,7,8,5,6,9,42,15
1363,2026-03-29,Farmacia,Femenino,Frecuente,Mañana,7,7,5,6,6,8,7,6,29,19
1364,2026-03-29,Farmacia,Masculino,Nuevo,Mañana,7,6,6,4,6,10,7,6,49,14
1365,2026-03-29,Movilización,Femenino,Frecuente,Mañana,9,7,7,8,10,9,7,9,18,18
1366,2026-03-29,Planta de alimentos,Femenino,Frecuente,Tarde,9,7,6,8,10,8,9,8,34,3
1367,2026-03-29,Movilización,Masculino,Nuevo,Noche,6,6,6,6,5,4,6,7,47,9
1368,2026-03-30,Farmacia,Femenino,Frecuente,Tarde,7,7,8,8,7,6,7,8,46,12
1369,2026-03-30,Farmacia,Femenino,Nuevo,Tarde,6,7,4,6,6,5,6,6,34,14
1370,2026-03-30,Farmacia,Masculino,Nuevo,Tarde,6,7,5,7,8,7,7,7,36,5
1371,2026-03-30,Movilización,Femenino,Frecuente,Noche,7,6,8,8,7,8,8,6,28,18
1372,2026-03-30,Movilización,Femenino,Frecuente,Mañana,9,7,8,6,9,9,10,10,35,9
1373,2026-03-30,Farmacia,Femenino,Frecuente,Tarde,8,6,6,7,7,8,7,8,30,8
1374,2026-03-31,Movilización,Masculino,Nuevo,Mañana,5,8,6,6,9,8,5,5,26,23
1375,2026-03-31,Movilización,Masculino,Frecuente,Noche,4,6,6,6,4,6,4,4,51,18
1376,2026-03-31,Planta de alimentos,Femenino,Nuevo,Mañana,5,7,5,5,5,6,4,5,29,4
1377,2026-03-31,Movilización,Femenino,Frecuente,Noche,8,8,6,7,6,7,8,8,35,14
1378,2026-03-31,Farmacia,Femenino,Frecuente,Mañana,8,10,7,8,8,7,10,7,40,7
1379,2026-03-31,Farmacia,Masculino,Nuevo,Mañana,6,7,7,8,8,8,8,6,69,17
1380,2026-03-31,Movilización,Masculino,Frecuente,Mañana,6,8,4,5,6,5,5,6,41,18
1381,2026-03-31,Movilización,Femenino,Frecuente,Tarde,8,9,7,8,8,9,7,9,49,10
1382,2026-03-31,Planta de alimentos,Femenino,Nuevo,Tarde,7,6,6,6,7,6,7,6,39,5
1383,2026-03-31,Farmacia,Masculino,Frecuente,Mañana,9,8,7,7,8,8,7,8,35,11
1384,2026-03-31,Planta de alimentos,Masculino,Frecuente,Tarde,7,8,7,8,6,8,8,6,54,4
1385,2026-03-31,Farmacia,Femenino,Nuevo,Noche,7,5,6,5,6,5,4,8,43,8
1386,2026-03-31,Movilización,Femenino,Nuevo,Tarde,5,6,7,7,6,6,7,5,40,16
1387,2026-04-01,Movilización,Femenino,Frecuente,Tarde,8,7,6,6,9,6,7,8,64,17
1388,2026-04-01,Movilización,Femenino,Frecuente,Mañana,8,7,5,8,9,7,8,7,30,16
1389,2026-04-01,Planta de alimentos,Femenino,Frecuente,Mañana,7,7,7,6,9,7,6,5,42,9
1390,2026-04-01,Movilización,Femenino,Nuevo,Noche,5,6,6,5,6,6,5,5,27,15
1391,2026-04-01,Movilización,Masculino,Nuevo,Tarde,7,5,5,6,6,4,5,7,37,22
1392,2026-04-01,Planta de alimentos,Masculino,Frecuente,Tarde,7,8,8,6,7,5,7,7,61,11
1393,2026-04-01,Farmacia,Masculino,Nuevo,Mañana,7,8,5,7,7,6,5,7,34,10
1394,2026-04-01,Farmacia,Masculino,Frecuente,Mañana,8,8,8,9,7,7,9,8,24,9
1395,2026-04-01,Farmacia,Masculino,Frecuente,Mañana,8,8,8,9,8,9,10,8,18,8
1396,2026-04-01,Farmacia,Femenino,Nuevo,Mañana,9,8,8,9,8,10,9,9,28,11
1397,2026-04-01,Farmacia,Femenino,Frecuente,Mañana,9,10,8,8,8,10,8,10,45,8
1398,2026-04-01,Movilización,Masculino,Frecuente,Tarde,8,6,5,7,6,7,6,7,47,21
1399,2026-04-01,Farmacia,Masculino,Frecuente,Tarde,6,7,6,6,5,5,5,6,55,16
1400,2026-04-01,Movilización,Masculino,Nuevo,Mañana,8,7,7,8,8,8,10,9,61,19
1401,2026-04-01,Movilización,Masculino,Frecuente,Noche,6,6,7,5,8,6,9,5,61,19
1402,2026-04-02,Farmacia,Femenino,Frecuente,Mañana,8,7,7,9,9,9,7,8,30,13
1403,2026-04-02,Planta de alimentos,Femenino,Nuevo,Mañana,8,9,7,10,10,8,10,8,30,2
1404,2026-04-02,Farmacia,Masculino,Frecuente,Mañana,6,6,6,6,7,5,3,6,41,11
1405,2026-04-02,Movilización,Femenino,Frecuente,Tarde,5,7,5,8,7,7,6,4,42,21
1406,2026-04-02,Farmacia,Otro,Frecuente,Mañana,7,7,6,7,8,9,8,6,39,10
1407,2026-04-02,Farmacia,Femenino,Frecuente,Mañana,8,7,6,6,7,6,9,6,30,7
1408,2026-04-02,Movilización,Masculino,Nuevo,Tarde,5,6,5,6,6,6,5,6,51,16
1409,2026-04-02,Movilización,Femenino,Nuevo,Tarde,5,6,4,5,8,7,5,5,25,23
1410,2026-04-02,Movilización,Masculino,Nuevo,Mañana,6,7,6,8,7,8,6,6,50,17
1411,2026-04-02,Movilización,Masculino,Frecuente,Mañana,9,9,7,8,7,10,7,9,58,15
1412,2026-04-02,Farmacia,Masculino,Frecuente,Noche,6,8,6,6,7,5,6,5,36,16
1413,2026-04-02,Farmacia,Otro,Frecuente,Noche,6,6,7,8,7,5,6,5,43,10
1414,2026-04-03,Farmacia,Femenino,Nuevo,Mañana,8,8,6,6,9,9,8,8,36,8
1415,2026-04-03,Movilización,Femenino,Frecuente,Tarde,8,9,10,10,9,10,10,8,45,18
1416,2026-04-03,Movilización,Masculino,Frecuente,Noche,7,9,7,6,7,7,6,8,43,19
1417,2026-04-03,Movilización,Masculino,Frecuente,Mañana,10,9,9,10,8,9,10,10,37,9
1418,2026-04-03,Planta de alimentos,Masculino,Frecuente,Noche,9,9,8,10,9,9,7,8,61,5
1419,2026-04-03,Farmacia,Masculino,Frecuente,Tarde,6,7,6,5,7,9,7,4,46,13
1420,2026-04-03,Movilización,Femenino,Frecuente,Mañana,7,9,6,6,6,6,7,6,21,14
1421,2026-04-03,Movilización,Femenino,Frecuente,Noche,5,7,6,5,9,4,6,6,34,18
1422,2026-04-03,Planta de alimentos,Masculino,Nuevo,Mañana,7,9,7,10,8,8,8,6,18,2
1423,2026-04-03,Movilización,Otro,Frecuente,Noche,8,9,7,8,8,10,9,7,51,14
1424,2026-04-03,Farmacia,Femenino,Frecuente,Noche,7,7,8,8,7,7,7,6,26,10
1425,2026-04-03,Farmacia,Masculino,Frecuente,Mañana,7,7,8,8,8,6,5,8,75,10
1426,2026-04-03,Planta de alimentos,Masculino,Frecuente,Tarde,6,8,8,9,9,9,7,5,44,8
1427,2026-04-04,Movilización,Femenino,Frecuente,Noche,7,8,8,8,8,8,7,7,55,13
1428,2026-04-04,Movilización,Masculino,Frecuente,Tarde,7,7,7,7,9,7,7,8,74,14
1429,2026-04-04,Farmacia,Femenino,Frecuente,Tarde,9,9,9,8,7,8,9,8,46,9
1430,2026-04-04,Movilización,Otro,Frecuente,Noche,7,6,6,7,8,8,7,6,49,14
1431,2026-04-04,Movilización,Femenino,Frecuente,Noche,7,8,7,7,6,5,7,6,48,20
1432,2026-04-04,Farmacia,Femenino,Nuevo,Tarde,7,8,6,6,6,5,6,5,62,16
1433,2026-04-04,Planta de alimentos,Femenino,Frecuente,Tarde,7,8,9,8,7,5,9,6,44,5
1434,2026-04-04,Movilización,Femenino,Frecuente,Noche,7,8,7,9,7,7,10,8,27,17
1435,2026-04-04,Farmacia,Femenino,Frecuente,Tarde,8,8,7,8,8,8,7,8,34,6
1436,2026-04-04,Planta de alimentos,Masculino,Frecuente,Tarde,8,7,8,7,7,9,6,8,35,3
1437,2026-04-05,Farmacia,Masculino,Nuevo,Tarde,7,8,7,7,8,8,7,7,30,9
1438,2026-04-05,Movilización,Femenino,Frecuente,Tarde,7,5,5,7,7,5,7,7,61,16
1439,2026-04-06,Movilización,Masculino,Nuevo,Tarde,7,7,7,3,8,5,5,6,36,21
1440,2026-04-06,Farmacia,Masculino,Nuevo,Tarde,5,6,6,8,8,9,7,5,51,10
1441,2026-04-06,Planta de alimentos,Femenino,Frecuente,Tarde,10,9,9,8,9,8,9,10,39,2
1442,2026-04-06,Farmacia,Femenino,Frecuente,Tarde,6,4,5,7,6,5,6,5,23,14
1443,2026-04-06,Movilización,Femenino,Nuevo,Mañana,7,5,7,7,6,8,9,9,46,16
1444,2026-04-06,Planta de alimentos,Femenino,Frecuente,Tarde,7,9,7,7,8,8,6,6,70,7
1445,2026-04-06,Farmacia,Femenino,Frecuente,Tarde,7,8,6,9,9,7,7,8,61,10
1446,2026-04-06,Planta de alimentos,Masculino,Frecuente,Tarde,9,10,10,9,9,9,10,8,69,4
1447,2026-04-07,Farmacia,Femenino,Frecuente,Tarde,6,7,5,7,7,8,7,7,40,11
1448,2026-04-07,Farmacia,Masculino,Nuevo,Mañana,8,9,7,8,8,7,7,8,22,12
1449,2026-04-07,Farmacia,Femenino,Nuevo,Mañana,8,8,8,6,7,6,7,8,36,11
1450,2026-04-07,Movilización,Masculino,Nuevo,Noche,4,5,5,6,7,7,6,6,50,18
1451,2026-04-07,Farmacia,Masculino,Frecuente,Mañana,7,8,8,6,8,4,6,7,24,6
1452,2026-04-07,Planta de alimentos,Masculino,Frecuente,Tarde,8,9,8,7,10,10,9,9,23,2
1453,2026-04-07,Movilización,Femenino,Frecuente,Mañana,7,5,6,7,8,7,8,7,49,20
1454,2026-04-07,Planta de alimentos,Otro,Nuevo,Noche,6,7,6,7,7,7,7,6,41,6
1455,2026-04-07,Planta de alimentos,Masculino,Frecuente,Mañana,7,8,8,7,6,6,6,6,27,2
1456,2026-04-07,Planta de alimentos,Femenino,Frecuente,Mañana,9,10,9,7,10,9,10,9,39,3
1457,2026-04-07,Farmacia,Femenino,Frecuente,Noche,7,9,8,8,7,8,7,9,42,10
1458,2026-04-08,Farmacia,Masculino,Frecuente,Tarde,7,7,7,9,7,10,8,5,46,9
1459,2026-04-08,Planta de alimentos,Masculino,Nuevo,Tarde,6,7,6,7,6,6,6,6,45,13
1460,2026-04-08,Movilización,Masculino,Nuevo,Mañana,7,7,9,8,8,8,7,6,18,18
1461,2026-04-08,Movilización,Femenino,Nuevo,Tarde,6,7,5,6,5,6,7,5,18,17
1462,2026-04-08,Farmacia,Masculino,Frecuente,Mañana,9,7,10,8,8,10,8,9,18,8
1463,2026-04-08,Farmacia,Masculino,Frecuente,Mañana,8,5,8,7,10,8,5,7,42,9
1464,2026-04-09,Farmacia,Femenino,Frecuente,Mañana,9,7,7,8,7,7,9,10,23,5
1465,2026-04-09,Movilización,Femenino,Frecuente,Mañana,8,7,6,8,8,8,8,7,45,15
1466,2026-04-09,Movilización,Masculino,Nuevo,Mañana,5,7,4,6,5,6,4,6,52,22
1467,2026-04-09,Planta de alimentos,Masculino,Frecuente,Tarde,9,10,8,8,9,10,10,10,27,2
1468,2026-04-09,Movilización,Femenino,Frecuente,Mañana,7,6,6,6,7,6,7,7,54,15
1469,2026-04-09,Movilización,Masculino,Frecuente,Mañana,7,7,7,6,7,6,7,7,47,15
1470,2026-04-09,Movilización,Masculino,Nuevo,Tarde,5,8,6,6,6,7,8,5,58,17
1471,2026-04-09,Farmacia,Femenino,Frecuente,Mañana,7,6,6,9,9,8,7,8,26,6
1472,2026-04-09,Farmacia,Masculino,Frecuente,Noche,8,9,7,9,8,8,8,10,39,12
1473,2026-04-09,Movilización,Masculino,Nuevo,Tarde,5,5,3,7,7,5,4,5,46,15
1474,2026-04-09,Movilización,Femenino,Nuevo,Mañana,8,9,6,6,7,6,6,9,54,7
1475,2026-04-09,Movilización,Femenino,Frecuente,Tarde,7,7,8,8,9,7,7,8,18,6
1476,2026-04-10,Movilización,Femenino,Frecuente,Tarde,7,7,8,7,7,7,8,10,62,11
1477,2026-04-10,Movilización,Femenino,Frecuente,Tarde,7,8,8,7,7,6,7,7,55,20
1478,2026-04-10,Farmacia,Masculino,Nuevo,Tarde,7,9,5,7,8,7,8,8,58,9
1479,2026-04-10,Farmacia,Masculino,Frecuente,Mañana,8,7,6,7,4,8,7,8,18,8
1480,2026-04-10,Farmacia,Femenino,Nuevo,Mañana,6,7,5,6,6,4,7,6,55,15
1481,2026-04-10,Planta de alimentos,Femenino,Frecuente,Noche,6,7,5,6,5,6,4,6,35,6
1482,2026-04-10,Planta de alimentos,Masculino,Frecuente,Mañana,9,9,9,10,9,10,9,9,40,2
1483,2026-04-10,Farmacia,Femenino,Frecuente,Mañana,8,7,8,7,8,7,9,8,24,8
1484,2026-04-10,Movilización,Masculino,Frecuente,Noche,7,7,6,8,7,7,7,6,68,20
1485,2026-04-10,Movilización,Masculino,Nuevo,Noche,5,7,5,7,7,6,5,5,49,14
1486,2026-04-10,Farmacia,Femenino,Frecuente,Noche,8,6,9,6,7,7,7,7,28,12
1487,2026-04-10,Farmacia,Femenino,Nuevo,Noche,6,6,4,6,8,5,6,4,39,7
1488,2026-04-10,Movilización,Femenino,Frecuente,Mañana,8,10,9,9,8,8,7,9,35,18
1489,2026-04-10,Planta de alimentos,Masculino,Frecuente,Mañana,6,10,7,6,8,8,9,7,29,16
1490,2026-04-10,Planta de alimentos,Masculino,Frecuente,Tarde,6,8,5,7,6,7,6,5,18,4
1491,2026-04-11,Farmacia,Masculino,Nuevo,Mañana,7,7,3,6,7,5,6,6,37,11
1492,2026-04-11,Movilización,Femenino,Frecuente,Tarde,7,6,5,8,7,4,7,6,43,17
1493,2026-04-11,Planta de alimentos,Femenino,Frecuente,Tarde,6,7,10,6,9,6,7,6,41,7
1494,2026-04-11,Planta de alimentos,Masculino,Nuevo,Tarde,8,6,4,9,8,6,7,8,43,2
1495,2026-04-11,Planta de alimentos,Femenino,Frecuente,Mañana,6,10,6,7,6,8,7,7,27,3
1496,2026-04-11,Movilización,Femenino,Frecuente,Mañana,9,8,7,7,7,8,9,9,31,15
1497,2026-04-11,Planta de alimentos,Masculino,Frecuente,Mañana,10,10,7,9,8,8,10,9,36,7
1498,2026-04-11,Movilización,Femenino,Frecuente,Tarde,8,7,6,7,4,8,7,8,52,14
1499,2026-04-12,Farmacia,Masculino,Frecuente,Tarde,7,7,6,7,8,6,8,6,44,12
1500,2026-04-12,Farmacia,Femenino,Nuevo,Tarde,7,7,8,6,6,7,8,8,54,7
1501,2026-04-12,Movilización,Femenino,Nuevo,Mañana,8,7,7,8,8,7,8,10,69,6
1502,2026-04-12,Farmacia,Femenino,Nuevo,Tarde,7,7,6,6,7,7,6,7,39,8
1503,2026-04-12,Movilización,Femenino,Frecuente,Tarde,8,7,6,7,8,6,9,8,25,19
1504,2026-04-12,Movilización,Femenino,Nuevo,Noche,6,7,6,7,5,6,6,6,46,15
1505,2026-04-12,Planta de alimentos,Femenino,Frecuente,Tarde,10,9,9,9,10,10,8,10,33,2
1506,2026-04-12,Movilización,Femenino,Frecuente,Mañana,6,6,6,9,7,9,7,6,55,8
1507,2026-04-13,Planta de alimentos,Femenino,Nuevo,Tarde,6,6,7,7,6,5,6,5,23,14
1508,2026-04-13,Movilización,Masculino,Nuevo,Tarde,6,5,4,6,6,6,5,8,64,15
1509,2026-04-13,Farmacia,Masculino,Nuevo,Tarde,7,8,7,8,8,6,6,6,43,12
1510,2026-04-13,Movilización,Femenino,Nuevo,Mañana,7,7,7,7,9,8,9,6,18,15
1511,2026-04-13,Farmacia,Femenino,Frecuente,Tarde,8,10,7,8,7,9,9,8,21,13
1512,2026-04-13,Planta de alimentos,Femenino,Nuevo,Mañana,8,10,9,9,10,10,7,8,32,4
1513,2026-04-13,Movilización,Masculino,Frecuente,Mañana,7,9,7,9,8,7,7,7,35,16
1514,2026-04-13,Farmacia,Femenino,Nuevo,Tarde,7,7,8,7,8,10,6,7,26,5
1515,2026-04-13,Movilización,Masculino,Frecuente,Mañana,6,5,6,7,6,6,6,7,44,24
1516,2026-04-13,Farmacia,Femenino,Frecuente,Noche,5,8,8,7,6,7,6,5,44,8
1517,2026-04-13,Movilización,Otro,Nuevo,Noche,7,6,5,5,6,5,5,7,29,21
1518,2026-04-14,Farmacia,Masculino,Frecuente,Mañana,8,8,7,6,8,9,8,7,38,13
1519,2026-04-14,Farmacia,Femenino,Frecuente,Mañana,8,7,8,9,8,8,9,8,29,8
1520,2026-04-14,Planta de alimentos,Femenino,Nuevo,Tarde,5,5,6,5,7,7,7,6,56,4
1521,2026-04-14,Movilización,Femenino,Frecuente,Noche,5,5,7,7,8,4,4,6,37,15
1522,2026-04-14,Planta de alimentos,Femenino,Nuevo,Mañana,8,8,8,9,8,10,7,7,33,5
1523,2026-04-14,Movilización,Masculino,Nuevo,Tarde,7,6,6,7,6,6,7,5,62,12
1524,2026-04-15,Farmacia,Masculino,Nuevo,Noche,6,6,6,6,7,6,7,6,41,7
1525,2026-04-15,Planta de alimentos,Masculino,Frecuente,Mañana,9,7,10,9,8,6,6,9,39,3
1526,2026-04-15,Planta de alimentos,Masculino,Nuevo,Tarde,7,8,6,8,6,7,6,6,52,11
1527,2026-04-15,Movilización,Femenino,Frecuente,Mañana,6,6,5,7,6,7,6,6,28,21
1528,2026-04-15,Movilización,Femenino,Nuevo,Tarde,9,8,7,6,6,6,6,10,52,13
1529,2026-04-15,Farmacia,Femenino,Frecuente,Mañana,7,6,9,6,7,6,7,7,28,8
1530,2026-04-15,Movilización,Masculino,Frecuente,Tarde,6,6,5,6,5,8,5,7,71,21
1531,2026-04-15,Farmacia,Otro,Frecuente,Mañana,6,7,7,7,7,7,7,6,43,13
1532,2026-04-15,Movilización,Masculino,Frecuente,Mañana,7,9,8,8,8,7,7,6,42,13
1533,2026-04-15,Farmacia,Masculino,Frecuente,Noche,8,9,8,6,7,7,6,9,46,8
1534,2026-04-16,Movilización,Femenino,Nuevo,Mañana,6,4,8,6,7,5,7,6,25,10
1535,2026-04-16,Planta de alimentos,Femenino,Frecuente,Mañana,10,10,10,9,9,10,9,10,25,3
1536,2026-04-16,Farmacia,Otro,Frecuente,Tarde,5,5,9,8,8,7,7,5,66,10
1537,2026-04-16,Farmacia,Femenino,Frecuente,Tarde,6,6,8,7,5,7,5,5,41,12
1538,2026-04-16,Movilización,Femenino,Nuevo,Noche,6,5,5,7,6,5,5,5,52,17
1539,2026-04-17,Planta de alimentos,Masculino,Frecuente,Tarde,7,6,6,7,7,10,8,7,26,4
1540,2026-04-17,Farmacia,Masculino,Frecuente,Mañana,8,7,4,6,5,6,7,7,51,2
1541,2026-04-17,Movilización,Femenino,Nuevo,Mañana,6,6,5,4,5,6,5,5,31,17
1542,2026-04-17,Movilización,Femenino,Nuevo,Mañana,4,7,5,8,7,6,6,5,18,22
1543,2026-04-17,Movilización,Femenino,Nuevo,Mañana,8,7,9,8,7,6,6,7,40,15
1544,2026-04-17,Farmacia,Otro,Frecuente,Tarde,10,9,9,9,9,8,9,10,29,8
1545,2026-04-17,Movilización,Masculino,Frecuente,Mañana,9,7,5,8,7,6,8,6,46,6
1546,2026-04-17,Planta de alimentos,Masculino,Frecuente,Noche,8,8,8,9,9,7,7,9,41,7
1547,2026-04-17,Planta de alimentos,Masculino,Nuevo,Tarde,7,8,7,6,8,5,8,9,49,3
1548,2026-04-17,Movilización,Femenino,Frecuente,Tarde,6,6,5,4,7,6,8,5,35,18
1549,2026-04-17,Farmacia,Masculino,Nuevo,Mañana,7,6,7,7,9,7,7,7,75,12
1550,2026-04-18,Planta de alimentos,Femenino,Frecuente,Noche,8,7,8,8,10,9,9,8,36,4
1551,2026-04-18,Farmacia,Masculino,Frecuente,Tarde,9,8,7,7,9,7,7,6,40,6
1552,2026-04-18,Farmacia,Masculino,Frecuente,Mañana,9,10,6,9,9,8,8,8,58,5
1553,2026-04-18,Movilización,Femenino,Frecuente,Tarde,7,8,7,7,7,9,7,7,34,12
1554,2026-04-18,Farmacia,Masculino,Frecuente,Tarde,8,8,7,8,10,8,8,8,26,6
1555,2026-04-19,Movilización,Femenino,Frecuente,Mañana,7,9,8,10,8,9,6,7,18,13
1556,2026-04-19,Movilización,Masculino,Nuevo,Mañana,5,8,5,6,7,7,5,6,18,18
1557,2026-04-19,Farmacia,Femenino,Nuevo,Noche,6,7,7,7,8,4,7,7,32,7
1558,2026-04-19,Planta de alimentos,Femenino,Nuevo,Mañana,9,9,7,10,9,8,9,8,42,6
1559,2026-04-19,Planta de alimentos,Masculino,Frecuente,Noche,8,8,8,9,7,8,7,7,31,4
1560,2026-04-19,Movilización,Masculino,Nuevo,Mañana,5,6,7,3,6,4,4,4,36,14
1561,2026-04-19,Farmacia,Masculino,Frecuente,Mañana,9,8,6,7,7,7,8,7,44,4
1562,2026-04-19,Farmacia,Masculino,Frecuente,Mañana,8,10,8,6,6,7,7,7,53,2
1563,2026-04-19,Movilización,Masculino,Nuevo,Tarde,3,5,4,6,5,6,4,4,44,21
1564,2026-04-19,Movilización,Femenino,Frecuente,Tarde,7,10,9,7,8,9,8,7,45,19
1565,2026-04-19,Farmacia,Femenino,Nuevo,Mañana,8,9,7,9,9,8,8,9,69,10
1566,2026-04-20,Farmacia,Femenino,Frecuente,Tarde,6,7,6,7,7,6,8,4,32,6
1567,2026-04-20,Movilización,Femenino,Frecuente,Mañana,9,8,6,10,8,8,6,10,75,19
1568,2026-04-20,Farmacia,Femenino,Frecuente,Mañana,8,9,6,8,6,6,8,8,47,15
1569,2026-04-20,Planta de alimentos,Femenino,Frecuente,Noche,6,8,7,9,7,8,7,6,62,4
1570,2026-04-20,Farmacia,Femenino,Frecuente,Tarde,6,7,6,8,5,6,5,6,23,12
1571,2026-04-20,Movilización,Femenino,Nuevo,Noche,4,3,4,5,5,6,5,4,44,25
1572,2026-04-20,Farmacia,Masculino,Nuevo,Mañana,9,7,8,7,9,9,8,8,21,2
1573,2026-04-21,Farmacia,Masculino,Nuevo,Mañana,6,6,8,7,9,9,7,7,64,7
1574,2026-04-21,Planta de alimentos,Femenino,Frecuente,Noche,8,9,8,9,8,9,9,7,23,9
1575,2026-04-21,Farmacia,Femenino,Frecuente,Tarde,9,7,7,8,9,9,10,10,18,2
1576,2026-04-21,Farmacia,Femenino,Frecuente,Tarde,6,6,7,5,7,7,6,5,31,13
1577,2026-04-21,Movilización,Masculino,Nuevo,Mañana,8,7,8,6,7,9,8,8,56,18
1578,2026-04-21,Planta de alimentos,Femenino,Frecuente,Mañana,8,7,9,8,9,10,7,7,49,8
1579,2026-04-21,Movilización,Femenino,Frecuente,Noche,6,8,6,6,9,8,6,6,42,17
1580,2026-04-21,Movilización,Masculino,Nuevo,Mañana,5,6,3,7,6,6,7,5,18,17
1581,2026-04-22,Planta de alimentos,Femenino,Frecuente,Noche,6,7,7,7,8,7,7,6,41,7
1582,2026-04-22,Farmacia,Femenino,Frecuente,Tarde,6,6,5,6,5,5,6,5,38,10
1583,2026-04-22,Movilización,Masculino,Nuevo,Tarde,8,9,4,8,9,7,5,8,58,16
1584,2026-04-22,Farmacia,Femenino,Nuevo,Noche,6,6,5,6,5,6,7,6,33,16
1585,2026-04-22,Farmacia,Femenino,Frecuente,Mañana,7,6,7,7,6,6,6,7,52,12
1586,2026-04-22,Farmacia,Masculino,Frecuente,Tarde,7,9,7,8,9,8,7,7,38,9
1587,2026-04-22,Farmacia,Femenino,Nuevo,Tarde,8,9,6,9,8,7,6,8,30,13
1588,2026-04-22,Movilización,Masculino,Frecuente,Noche,6,7,6,6,7,6,7,5,18,23
1589,2026-04-22,Movilización,Femenino,Nuevo,Noche,5,6,5,5,6,5,4,4,18,16
1590,2026-04-22,Planta de alimentos,Masculino,Frecuente,Tarde,8,10,6,5,5,7,8,6,39,4
1591,2026-04-23,Farmacia,Femenino,Nuevo,Mañana,7,7,7,6,7,7,6,8,21,9
1592,2026-04-23,Farmacia,Femenino,Frecuente,Tarde,8,9,8,7,8,7,8,7,35,6
1593,2026-04-24,Farmacia,Femenino,Nuevo,Mañana,5,7,6,8,6,7,6,6,25,8
1594,2026-04-24,Farmacia,Femenino,Frecuente,Mañana,9,8,8,8,8,10,7,8,58,8
1595,2026-04-24,Planta de alimentos,Otro,Nuevo,Noche,7,8,7,6,9,6,6,6,36,7
1596,2026-04-24,Planta de alimentos,Masculino,Frecuente,Noche,8,9,6,7,9,6,8,7,47,2
1597,2026-04-24,Farmacia,Femenino,Frecuente,Mañana,7,7,5,6,6,6,7,7,24,8
1598,2026-04-24,Farmacia,Masculino,Nuevo,Tarde,8,10,8,9,10,8,8,10,36,3
1599,2026-04-25,Movilización,Femenino,Nuevo,Tarde,8,9,8,7,8,5,5,8,42,18
1600,2026-04-25,Farmacia,Masculino,Frecuente,Mañana,9,6,6,8,9,6,9,10,59,5
1601,2026-04-25,Farmacia,Masculino,Frecuente,Mañana,9,8,8,8,10,10,8,9,57,10
1602,2026-04-25,Movilización,Masculino,Frecuente,Mañana,8,8,7,8,7,6,7,7,62,20
1603,2026-04-25,Farmacia,Femenino,Frecuente,Tarde,9,7,7,7,9,7,7,10,37,7
1604,2026-04-25,Planta de alimentos,Masculino,Frecuente,Tarde,8,9,6,8,6,9,7,8,24,7
1605,2026-04-25,Planta de alimentos,Masculino,Nuevo,Noche,6,6,4,6,7,7,7,8,33,8
1606,2026-04-25,Planta de alimentos,Masculino,Frecuente,Tarde,8,6,7,6,7,7,7,7,44,11
1607,2026-04-26,Movilización,Femenino,Frecuente,Noche,6,6,6,4,6,6,6,5,18,19
1608,2026-04-26,Farmacia,Masculino,Nuevo,Noche,5,4,5,8,6,7,5,4,34,13
1609,2026-04-26,Farmacia,Femenino,Frecuente,Mañana,6,7,8,9,7,7,6,7,62,7
1610,2026-04-26,Movilización,Femenino,Nuevo,Mañana,8,7,7,8,7,7,5,8,57,10
1611,2026-04-26,Movilización,Femenino,Nuevo,Mañana,6,5,5,6,6,7,5,6,41,14
1612,2026-04-26,Farmacia,Femenino,Frecuente,Mañana,7,7,5,7,7,7,8,7,27,9
1613,2026-04-26,Movilización,Masculino,Nuevo,Tarde,6,7,4,6,8,7,7,6,66,19
1614,2026-04-26,Planta de alimentos,Masculino,Nuevo,Mañana,9,9,6,8,7,6,7,10,64,2
1615,2026-04-26,Farmacia,Masculino,Frecuente,Tarde,8,8,6,8,6,9,8,8,24,9
1616,2026-04-27,Movilización,Femenino,Nuevo,Tarde,8,7,6,7,7,8,7,6,50,21
1617,2026-04-27,Farmacia,Femenino,Frecuente,Mañana,8,9,7,9,9,9,7,8,33,14
1618,2026-04-27,Planta de alimentos,Masculino,Nuevo,Mañana,7,7,6,6,6,4,8,4,47,10
1619,2026-04-27,Planta de alimentos,Femenino,Frecuente,Mañana,6,6,7,7,5,7,6,5,49,6
1620,2026-04-27,Farmacia,Masculino,Frecuente,Mañana,9,9,7,9,9,10,9,9,38,12
1621,2026-04-27,Farmacia,Femenino,Frecuente,Mañana,10,7,6,8,9,9,8,10,37,8
1622,2026-04-27,Movilización,Femenino,Frecuente,Mañana,9,9,8,9,8,8,9,10,18,22
1623,2026-04-27,Planta de alimentos,Masculino,Nuevo,Noche,7,7,6,6,8,7,8,8,47,7
1624,2026-04-27,Movilización,Femenino,Frecuente,Tarde,8,8,8,8,10,8,7,7,34,12
1625,2026-04-28,Planta de alimentos,Otro,Frecuente,Mañana,8,9,8,9,7,9,8,8,32,8
1626,2026-04-28,Movilización,Masculino,Frecuente,Tarde,6,9,5,8,7,6,7,8,32,10
1627,2026-04-28,Farmacia,Masculino,Nuevo,Tarde,10,8,7,10,9,10,9,10,37,4
1628,2026-04-28,Planta de alimentos,Otro,Frecuente,Tarde,8,7,8,6,9,6,7,7,20,6
1629,2026-04-28,Farmacia,Otro,Frecuente,Mañana,9,9,8,8,9,9,8,10,59,4
1630,2026-04-28,Movilización,Masculino,Nuevo,Mañana,6,6,8,8,6,8,9,6,37,15
1631,2026-04-28,Farmacia,Otro,Frecuente,Tarde,8,7,7,7,7,7,7,8,59,4
1632,2026-04-28,Planta de alimentos,Femenino,Nuevo,Mañana,9,6,6,7,6,7,8,9,36,3
1633,2026-04-28,Movilización,Masculino,Frecuente,Tarde,8,8,8,8,5,8,8,6,31,21
1634,2026-04-28,Planta de alimentos,Masculino,Frecuente,Tarde,10,10,10,8,10,9,8,10,39,2
1635,2026-04-28,Planta de alimentos,Femenino,Frecuente,Mañana,10,10,9,10,10,10,10,9,47,2
1636,2026-04-28,Farmacia,Femenino,Frecuente,Mañana,7,8,8,8,8,6,8,6,30,17
1637,2026-04-28,Farmacia,Femenino,Nuevo,Tarde,5,6,6,6,5,7,7,5,51,14
1638,2026-04-28,Planta de alimentos,Masculino,Nuevo,Noche,7,6,5,5,6,10,5,6,43,14
1639,2026-04-28,Farmacia,Masculino,Frecuente,Noche,6,7,4,4,5,5,5,6,36,13
1640,2026-04-29,Movilización,Femenino,Frecuente,Noche,6,6,7,8,6,6,7,6,65,13
1641,2026-04-29,Farmacia,Femenino,Nuevo,Noche,6,5,7,6,5,7,7,6,35,10
1642,2026-04-29,Movilización,Femenino,Frecuente,Tarde,7,10,6,9,9,9,8,9,58,16
1643,2026-04-29,Movilización,Masculino,Frecuente,Noche,5,6,6,5,6,7,5,5,55,21
1644,2026-04-29,Farmacia,Femenino,Frecuente,Tarde,9,10,8,8,10,10,10,9,39,9
1645,2026-04-29,Planta de alimentos,Masculino,Nuevo,Tarde,6,7,5,7,7,9,7,8,27,5
1646,2026-04-29,Movilización,Femenino,Frecuente,Tarde,8,9,8,8,9,7,7,8,34,15
1647,2026-04-29,Farmacia,Masculino,Nuevo,Tarde,6,3,4,4,5,3,6,4,57,13
1648,2026-04-29,Planta de alimentos,Femenino,Nuevo,Tarde,6,7,6,7,6,8,6,7,44,6
1649,2026-04-29,Farmacia,Femenino,Frecuente,Tarde,10,10,9,10,8,8,9,10,44,4
1650,2026-04-30,Farmacia,Masculino,Frecuente,Tarde,8,9,6,7,9,8,7,8,45,9
1651,2026-04-30,Farmacia,Femenino,Nuevo,Mañana,7,10,6,8,8,9,10,7,34,11
1652,2026-04-30,Movilización,Femenino,Frecuente,Mañana,7,6,6,7,6,6,5,7,18,15
1653,2026-04-30,Farmacia,Otro,Frecuente,Mañana,7,10,8,8,8,8,8,8,20,13
1654,2026-04-30,Farmacia,Masculino,Frecuente,Mañana,9,9,9,9,7,9,9,9,51,10
1655,2026-04-30,Farmacia,Femenino,Frecuente,Tarde,7,9,8,9,9,9,9,6,41,13
1656,2026-04-30,Movilización,Femenino,Frecuente,Mañana,7,9,7,8,7,7,9,8,25,9
1657,2026-04-30,Movilización,Femenino,Frecuente,Mañana,7,7,4,6,6,6,6,8,71,15
1658,2026-05-01,Farmacia,Masculino,Frecuente,Mañana,8,8,8,6,9,8,7,9,35,8
1659,2026-05-01,Movilización,Masculino,Nuevo,Noche,7,7,5,6,8,5,6,6,54,20
1660,2026-05-01,Planta de alimentos,Femenino,Nuevo,Tarde,7,7,7,6,7,7,7,7,18,10
1661,2026-05-01,Farmacia,Masculino,Nuevo,Tarde,6,8,8,6,8,5,7,5,52,16
1662,2026-05-01,Farmacia,Femenino,Nuevo,Mañana,8,9,6,8,7,8,6,8,36,7
1663,2026-05-01,Farmacia,Femenino,Frecuente,Tarde,8,9,9,9,8,6,10,7,57,9
1664,2026-05-01,Movilización,Femenino,Nuevo,Noche,5,4,6,4,7,4,4,6,49,19
1665,2026-05-02,Movilización,Femenino,Frecuente,Tarde,8,7,7,6,8,6,6,7,46,14
1666,2026-05-02,Planta de alimentos,Masculino,Nuevo,Mañana,8,9,7,6,6,9,6,7,55,2
1667,2026-05-02,Farmacia,Femenino,Frecuente,Mañana,7,9,6,6,8,8,8,7,35,4
1668,2026-05-02,Planta de alimentos,Masculino,Frecuente,Tarde,7,8,8,8,7,7,9,7,57,3
1669,2026-05-02,Movilización,Femenino,Frecuente,Tarde,7,7,5,7,6,6,7,7,38,8
1670,2026-05-02,Farmacia,Femenino,Frecuente,Noche,8,6,6,6,6,6,7,9,38,13
1671,2026-05-03,Planta de alimentos,Femenino,Nuevo,Mañana,7,7,8,7,5,6,7,6,34,4
1672,2026-05-03,Farmacia,Masculino,Nuevo,Noche,3,6,4,7,5,5,8,4,27,13
1673,2026-05-03,Movilización,Femenino,Frecuente,Mañana,6,7,7,8,7,6,7,5,49,17
1674,2026-05-03,Movilización,Femenino,Frecuente,Tarde,8,9,7,7,8,9,10,9,18,10
1675,2026-05-03,Movilización,Masculino,Frecuente,Tarde,7,10,8,8,8,8,8,8,46,19
1676,2026-05-03,Planta de alimentos,Femenino,Frecuente,Mañana,8,8,7,6,6,8,6,9,30,4
1677,2026-05-03,Farmacia,Masculino,Frecuente,Mañana,8,9,8,9,10,9,7,10,35,7
1678,2026-05-03,Planta de alimentos,Masculino,Frecuente,Mañana,10,8,7,8,7,8,8,10,62,7
1679,2026-05-03,Planta de alimentos,Femenino,Frecuente,Noche,5,6,6,6,5,5,5,4,43,11
1680,2026-05-03,Farmacia,Femenino,Frecuente,Tarde,10,8,8,8,8,7,8,9,63,6
1681,2026-05-04,Farmacia,Masculino,Frecuente,Noche,8,9,7,6,8,8,9,7,57,10
1682,2026-05-04,Planta de alimentos,Masculino,Frecuente,Tarde,9,7,8,9,8,9,8,8,64,5
1683,2026-05-04,Movilización,Femenino,Nuevo,Noche,4,6,3,3,5,4,4,4,41,24
1684,2026-05-04,Movilización,Femenino,Frecuente,Tarde,7,6,7,6,8,9,6,7,32,20
1685,2026-05-04,Movilización,Femenino,Frecuente,Tarde,6,8,8,9,9,8,7,6,59,11
1686,2026-05-04,Farmacia,Femenino,Frecuente,Tarde,8,8,6,5,7,8,6,7,23,7
1687,2026-05-04,Farmacia,Femenino,Frecuente,Mañana,7,10,8,9,9,8,7,7,45,13
1688,2026-05-04,Movilización,Femenino,Frecuente,Noche,6,6,5,6,6,6,6,8,56,19
1689,2026-05-04,Movilización,Masculino,Nuevo,Noche,7,7,7,6,7,7,7,9,63,10
1690,2026-05-05,Movilización,Masculino,Frecuente,Tarde,7,8,6,10,7,7,6,8,18,9
1691,2026-05-05,Farmacia,Femenino,Nuevo,Mañana,6,6,4,7,6,7,7,5,45,11
1692,2026-05-05,Planta de alimentos,Masculino,Nuevo,Mañana,8,6,5,7,7,8,7,7,18,4
1693,2026-05-05,Movilización,Masculino,Frecuente,Noche,7,7,4,5,7,7,6,6,20,18
1694,2026-05-05,Planta de alimentos,Masculino,Frecuente,Mañana,8,8,7,7,7,9,8,7,18,4
1695,2026-05-05,Farmacia,Femenino,Frecuente,Noche,10,9,9,9,7,10,7,10,40,10
1696,2026-05-05,Movilización,Masculino,Nuevo,Noche,4,8,6,6,6,7,6,5,57,19
1697,2026-05-05,Movilización,Femenino,Frecuente,Mañana,8,7,6,7,7,7,8,8,75,20
1698,2026-05-06,Farmacia,Femenino,Frecuente,Tarde,6,9,6,6,7,8,7,6,33,6
1699,2026-05-06,Movilización,Masculino,Nuevo,Mañana,6,8,7,7,6,7,7,6,59,15
1700,2026-05-06,Farmacia,Femenino,Frecuente,Mañana,7,7,5,8,9,7,9,7,44,6
1701,2026-05-06,Farmacia,Femenino,Frecuente,Noche,7,6,7,5,7,5,5,5,23,5
1702,2026-05-06,Farmacia,Femenino,Nuevo,Noche,6,7,4,5,6,8,5,6,20,12
1703,2026-05-06,Movilización,Masculino,Frecuente,Mañana,8,9,7,6,7,6,8,8,31,14
1704,2026-05-06,Planta de alimentos,Masculino,Frecuente,Tarde,9,10,7,10,9,10,9,8,37,6
1705,2026-05-06,Planta de alimentos,Femenino,Nuevo,Tarde,7,10,4,7,7,8,7,7,39,7
1706,2026-05-06,Movilización,Femenino,Nuevo,Mañana,7,6,8,6,7,5,7,6,64,19
1707,2026-05-06,Movilización,Femenino,Nuevo,Tarde,4,7,9,7,7,6,4,4,51,21
1708,2026-05-06,Farmacia,Masculino,Frecuente,Tarde,7,5,8,8,8,5,7,9,39,17
1709,2026-05-06,Planta de alimentos,Femenino,Frecuente,Noche,8,9,8,7,8,7,6,9,49,7
1710,2026-05-06,Planta de alimentos,Femenino,Frecuente,Noche,8,8,10,9,8,8,9,10,18,2
1711,2026-05-06,Farmacia,Femenino,Frecuente,Noche,6,9,6,7,7,6,8,5,33,9
1712,2026-05-06,Farmacia,Femenino,Frecuente,Tarde,7,8,8,7,8,9,9,7,44,10
1713,2026-05-07,Movilización,Femenino,Frecuente,Mañana,8,9,8,8,8,9,9,9,40,19
1714,2026-05-07,Farmacia,Masculino,Nuevo,Mañana,6,7,8,9,9,6,7,6,51,9
1715,2026-05-07,Movilización,Femenino,Frecuente,Tarde,5,8,5,10,6,6,7,6,68,16
1716,2026-05-07,Movilización,Femenino,Nuevo,Mañana,5,6,6,5,5,5,5,5,66,14
1717,2026-05-07,Movilización,Femenino,Frecuente,Tarde,6,8,7,6,6,6,9,7,38,16
1718,2026-05-07,Planta de alimentos,Femenino,Nuevo,Noche,8,7,7,8,7,7,7,9,33,5
1719,2026-05-07,Farmacia,Femenino,Frecuente,Noche,8,7,7,8,7,8,7,7,27,11
1720,2026-05-07,Farmacia,Femenino,Frecuente,Tarde,8,9,6,8,8,9,9,6,56,13
1721,2026-05-07,Farmacia,Masculino,Frecuente,Mañana,9,6,10,8,6,7,7,9,21,4
1722,2026-05-07,Movilización,Femenino,Nuevo,Tarde,7,6,5,8,7,7,6,6,70,16
1723,2026-05-07,Planta de alimentos,Femenino,Frecuente,Noche,10,8,10,10,10,9,10,10,18,4
1724,2026-05-08,Farmacia,Masculino,Frecuente,Mañana,10,10,6,9,10,9,8,9,59,10
1725,2026-05-08,Planta de alimentos,Femenino,Nuevo,Tarde,5,6,7,6,7,9,6,4,39,14
1726,2026-05-08,Farmacia,Masculino,Frecuente,Tarde,8,9,8,8,9,10,8,7,21,10
1727,2026-05-08,Movilización,Masculino,Frecuente,Mañana,9,7,8,6,7,7,7,8,47,12
1728,2026-05-08,Planta de alimentos,Masculino,Frecuente,Mañana,7,8,9,5,8,7,8,7,40,2
1729,2026-05-08,Movilización,Femenino,Nuevo,Tarde,5,7,6,6,9,7,7,8,45,18
1730,2026-05-08,Farmacia,Masculino,Nuevo,Mañana,5,7,7,7,7,9,7,6,43,12
1731,2026-05-08,Planta de alimentos,Masculino,Nuevo,Mañana,6,7,8,7,6,7,6,6,53,4
1732,2026-05-09,Planta de alimentos,Masculino,Nuevo,Mañana,5,5,8,4,7,6,8,5,69,7
1733,2026-05-09,Farmacia,Masculino,Frecuente,Mañana,8,9,8,10,9,7,8,9,41,2
1734,2026-05-09,Planta de alimentos,Femenino,Frecuente,Mañana,8,9,8,8,8,8,6,7,41,11
1735,2026-05-09,Planta de alimentos,Femenino,Nuevo,Tarde,7,8,5,6,6,7,8,8,34,9
1736,2026-05-09,Planta de alimentos,Femenino,Nuevo,Noche,5,5,5,6,5,4,6,5,46,12
1737,2026-05-09,Planta de alimentos,Femenino,Nuevo,Tarde,8,6,9,8,10,9,8,8,43,2
1738,2026-05-09,Planta de alimentos,Masculino,Frecuente,Mañana,10,9,7,10,10,9,9,10,39,6
1739,2026-05-09,Farmacia,Femenino,Nuevo,Noche,4,6,7,6,4,6,4,3,18,18
1740,2026-05-09,Movilización,Femenino,Frecuente,Noche,6,6,7,10,7,7,8,5,43,19
1741,2026-05-09,Movilización,Otro,Frecuente,Tarde,8,7,7,8,6,7,7,7,27,10
1742,2026-05-09,Planta de alimentos,Femenino,Frecuente,Tarde,10,9,9,10,9,9,9,9,62,2
1743,2026-05-09,Planta de alimentos,Masculino,Frecuente,Tarde,7,7,8,8,8,6,7,7,53,2
1744,2026-05-09,Farmacia,Femenino,Frecuente,Tarde,8,7,6,8,8,9,6,7,75,2
1745,2026-05-09,Planta de alimentos,Femenino,Frecuente,Tarde,9,9,6,8,9,9,8,9,36,2
1746,2026-05-09,Movilización,Masculino,Nuevo,Mañana,6,5,7,8,6,6,3,4,47,17
1747,2026-05-09,Planta de alimentos,Femenino,Frecuente,Noche,8,7,7,9,9,9,7,8,33,4
1748,2026-05-09,Farmacia,Femenino,Frecuente,Mañana,6,7,6,7,6,7,7,7,58,14
1749,2026-05-09,Planta de alimentos,Femenino,Frecuente,Mañana,9,8,7,9,6,8,9,10,60,10
1750,2026-05-09,Farmacia,Femenino,Frecuente,Tarde,6,6,7,7,8,6,7,4,45,10
1751,2026-05-10,Planta de alimentos,Femenino,Frecuente,Noche,6,5,7,5,7,7,8,5,34,9
1752,2026-05-10,Planta de alimentos,Masculino,Nuevo,Mañana,6,8,5,9,9,7,8,6,18,11
1753,2026-05-10,Farmacia,Masculino,Frecuente,Noche,6,6,7,8,7,9,7,7,30,10
1754,2026-05-10,Movilización,Femenino,Frecuente,Tarde,7,7,8,8,8,7,8,8,65,13
1755,2026-05-10,Movilización,Masculino,Frecuente,Tarde,7,6,8,8,8,4,9,7,42,15
1756,2026-05-10,Planta de alimentos,Masculino,Frecuente,Tarde,8,9,7,10,8,9,7,9,48,2
1757,2026-05-10,Planta de alimentos,Masculino,Frecuente,Noche,8,8,8,8,8,9,8,8,48,3
1758,2026-05-10,Planta de alimentos,Masculino,Nuevo,Mañana,8,7,8,6,7,7,6,8,26,6
1759,2026-05-11,Movilización,Femenino,Nuevo,Tarde,5,8,6,6,7,5,5,5,24,15
1760,2026-05-11,Farmacia,Masculino,Frecuente,Mañana,8,5,7,10,8,6,6,7,31,2
1761,2026-05-11,Movilización,Masculino,Frecuente,Mañana,7,9,8,8,6,6,7,7,33,16
1762,2026-05-11,Movilización,Femenino,Frecuente,Tarde,7,7,6,8,6,6,7,8,42,16
1763,2026-05-11,Movilización,Masculino,Frecuente,Tarde,7,9,6,9,7,8,7,6,59,14
1764,2026-05-11,Planta de alimentos,Femenino,Frecuente,Tarde,9,8,9,8,9,8,10,10,49,2
1765,2026-05-11,Planta de alimentos,Femenino,Frecuente,Mañana,10,10,9,8,9,8,10,9,39,2
1766,2026-05-11,Movilización,Femenino,Nuevo,Tarde,6,7,6,4,4,4,4,5,31,19
1767,2026-05-11,Farmacia,Masculino,Frecuente,Mañana,8,7,8,9,8,7,8,8,48,6
1768,2026-05-11,Farmacia,Otro,Frecuente,Tarde,8,7,6,10,7,9,7,8,37,8
1769,2026-05-12,Planta de alimentos,Femenino,Nuevo,Tarde,5,6,7,7,7,6,5,6,28,5
1770,2026-05-12,Farmacia,Masculino,Frecuente,Mañana,6,8,8,7,7,7,6,6,56,6
1771,2026-05-12,Movilización,Otro,Frecuente,Noche,7,7,8,5,7,8,5,8,47,12
1772,2026-05-12,Farmacia,Femenino,Nuevo,Tarde,6,7,6,7,6,4,7,6,47,10
1773,2026-05-12,Farmacia,Femenino,Nuevo,Tarde,5,5,7,4,7,5,9,5,32,7
1774,2026-05-13,Movilización,Femenino,Nuevo,Tarde,7,7,6,7,8,5,6,6,44,14
1775,2026-05-13,Planta de alimentos,Femenino,Frecuente,Tarde,9,8,6,7,6,9,7,9,33,7
1776,2026-05-13,Planta de alimentos,Femenino,Frecuente,Tarde,10,9,6,8,8,6,8,9,53,2
1777,2026-05-13,Movilización,Femenino,Frecuente,Tarde,6,6,4,5,5,8,7,6,36,10
1778,2026-05-13,Farmacia,Masculino,Frecuente,Tarde,8,5,7,6,7,6,7,6,29,11
1779,2026-05-13,Movilización,Femenino,Frecuente,Mañana,9,9,7,7,9,8,7,8,55,12
1780,2026-05-13,Farmacia,Femenino,Nuevo,Tarde,7,8,6,6,6,7,6,8,75,9
1781,2026-05-13,Movilización,Otro,Frecuente,Tarde,6,7,5,7,6,6,5,6,38,12
1782,2026-05-13,Movilización,Femenino,Frecuente,Noche,6,8,7,7,7,6,5,7,35,10
1783,2026-05-13,Planta de alimentos,Masculino,Nuevo,Tarde,6,6,5,6,6,7,5,5,60,2
1784,2026-05-13,Farmacia,Masculino,Frecuente,Mañana,8,9,6,9,10,8,8,8,32,8
1785,2026-05-13,Farmacia,Femenino,Nuevo,Mañana,6,7,6,7,6,8,9,6,18,5
1786,2026-05-14,Movilización,Masculino,Nuevo,Tarde,6,7,5,6,6,7,6,7,29,15
1787,2026-05-14,Movilización,Femenino,Frecuente,Mañana,7,6,7,8,8,7,7,8,18,13
1788,2026-05-14,Movilización,Masculino,Nuevo,Mañana,8,5,5,7,8,7,5,9,40,18
1789,2026-05-14,Planta de alimentos,Femenino,Nuevo,Mañana,8,9,8,9,8,8,8,7,39,2
1790,2026-05-14,Farmacia,Femenino,Frecuente,Mañana,6,8,10,7,9,9,9,8,41,16
1791,2026-05-14,Movilización,Masculino,Nuevo,Tarde,5,6,6,6,7,4,5,6,40,17
1792,2026-05-14,Farmacia,Femenino,Frecuente,Tarde,7,9,7,6,8,5,9,5,55,12
1793,2026-05-14,Farmacia,Masculino,Frecuente,Noche,6,8,6,5,6,7,6,6,48,7
1794,2026-05-15,Movilización,Masculino,Frecuente,Mañana,7,8,8,8,8,7,6,6,62,13
1795,2026-05-15,Planta de alimentos,Femenino,Frecuente,Tarde,10,10,7,10,10,8,9,10,42,2
1796,2026-05-15,Planta de alimentos,Masculino,Frecuente,Tarde,7,8,7,5,7,8,8,7,27,8
1797,2026-05-15,Farmacia,Masculino,Frecuente,Noche,6,6,6,6,6,8,7,5,43,11
1798,2026-05-15,Farmacia,Masculino,Frecuente,Mañana,9,9,9,8,9,8,7,9,25,4
1799,2026-05-16,Farmacia,Masculino,Frecuente,Noche,7,5,6,6,6,7,7,6,58,6
1800,2026-05-16,Farmacia,Masculino,Frecuente,Tarde,8,10,9,10,7,9,9,8,27,6
1801,2026-05-16,Planta de alimentos,Femenino,Nuevo,Mañana,7,8,7,7,6,9,8,7,60,3
1802,2026-05-16,Farmacia,Masculino,Frecuente,Noche,8,7,8,5,7,8,10,8,50,6
1803,2026-05-16,Planta de alimentos,Masculino,Nuevo,Noche,6,6,5,7,7,8,5,5,59,7
1804,2026-05-16,Movilización,Masculino,Frecuente,Tarde,9,9,8,8,7,7,7,8,50,12
1805,2026-05-16,Movilización,Masculino,Nuevo,Mañana,7,6,8,5,6,5,7,7,55,11
1806,2026-05-17,Farmacia,Femenino,Frecuente,Mañana,8,7,6,7,8,9,7,8,33,8
1807,2026-05-17,Movilización,Femenino,Frecuente,Tarde,8,8,7,4,7,5,7,9,59,14
1808,2026-05-17,Farmacia,Femenino,Frecuente,Mañana,7,5,5,7,7,7,5,6,18,7
1809,2026-05-17,Planta de alimentos,Masculino,Nuevo,Mañana,8,9,8,9,9,8,9,9,34,5
1810,2026-05-17,Planta de alimentos,Femenino,Frecuente,Mañana,9,8,6,8,8,9,6,10,31,5
1811,2026-05-17,Planta de alimentos,Femenino,Frecuente,Mañana,9,6,6,7,6,7,5,8,35,2
1812,2026-05-17,Planta de alimentos,Masculino,Frecuente,Tarde,7,6,8,9,7,7,9,8,51,7
1813,2026-05-17,Movilización,Femenino,Frecuente,Tarde,9,7,8,9,7,9,6,9,63,13
1814,2026-05-17,Movilización,Femenino,Nuevo,Tarde,6,7,6,7,6,6,6,7,26,15
1815,2026-05-17,Planta de alimentos,Femenino,Nuevo,Tarde,6,8,7,7,5,6,6,6,28,10
1816,2026-05-18,Planta de alimentos,Femenino,Frecuente,Mañana,7,8,6,8,7,5,6,6,57,4
1817,2026-05-18,Farmacia,Masculino,Frecuente,Noche,7,8,7,6,6,8,8,7,51,9
1818,2026-05-18,Movilización,Masculino,Frecuente,Tarde,8,10,7,7,8,10,9,9,18,12
1819,2026-05-18,Movilización,Femenino,Frecuente,Mañana,9,10,8,8,9,9,10,10,36,13
1820,2026-05-18,Movilización,Femenino,Nuevo,Tarde,6,5,5,6,7,6,7,7,49,13
1821,2026-05-18,Planta de alimentos,Masculino,Frecuente,Noche,7,8,6,9,8,9,8,6,57,6
1822,2026-05-18,Movilización,Masculino,Frecuente,Noche,8,9,9,6,7,8,8,8,23,14
1823,2026-05-18,Farmacia,Masculino,Frecuente,Mañana,9,9,7,8,8,8,8,9,37,8
1824,2026-05-19,Farmacia,Femenino,Nuevo,Tarde,6,8,7,8,6,8,7,7,35,13
1825,2026-05-19,Planta de alimentos,Masculino,Nuevo,Mañana,10,8,8,7,7,6,9,10,48,7
1826,2026-05-19,Movilización,Masculino,Frecuente,Noche,7,8,5,7,6,6,8,7,55,9
1827,2026-05-19,Farmacia,Femenino,Nuevo,Mañana,7,8,5,5,5,6,6,6,73,8
1828,2026-05-19,Planta de alimentos,Masculino,Nuevo,Noche,5,6,7,8,7,6,5,5,19,6
1829,2026-05-19,Movilización,Otro,Nuevo,Noche,5,4,5,5,4,4,4,7,43,20
1830,2026-05-19,Movilización,Otro,Frecuente,Noche,7,6,8,7,7,8,7,6,34,8
1831,2026-05-19,Planta de alimentos,Femenino,Frecuente,Mañana,8,9,7,9,9,8,9,8,32,5
1832,2026-05-20,Farmacia,Masculino,Frecuente,Tarde,7,5,8,6,8,6,6,6,73,17
1833,2026-05-20,Movilización,Femenino,Frecuente,Tarde,7,8,9,8,7,6,7,7,22,20
1834,2026-05-20,Movilización,Femenino,Frecuente,Tarde,7,7,8,9,9,8,8,7,43,12
1835,2026-05-20,Planta de alimentos,Masculino,Frecuente,Mañana,6,8,6,9,8,8,8,7,70,8
1836,2026-05-20,Farmacia,Femenino,Nuevo,Mañana,8,8,7,8,9,8,8,8,74,7
1837,2026-05-20,Planta de alimentos,Femenino,Nuevo,Noche,9,7,6,7,7,5,7,8,37,10
1838,2026-05-20,Planta de alimentos,Femenino,Frecuente,Noche,8,9,8,10,8,8,10,8,29,5
1839,2026-05-20,Farmacia,Femenino,Frecuente,Tarde,7,7,6,6,7,6,6,7,18,10
1840,2026-05-20,Planta de alimentos,Masculino,Frecuente,Mañana,7,7,6,6,8,8,8,6,39,3
1841,2026-05-21,Movilización,Femenino,Nuevo,Mañana,8,8,6,8,8,7,7,8,27,11
1842,2026-05-21,Planta de alimentos,Masculino,Frecuente,Tarde,8,9,8,8,9,10,10,8,53,3
1843,2026-05-21,Farmacia,Masculino,Nuevo,Mañana,7,5,6,7,7,6,7,7,54,11
1844,2026-05-21,Farmacia,Femenino,Nuevo,Mañana,7,5,5,5,5,6,5,6,27,9
1845,2026-05-21,Farmacia,Masculino,Frecuente,Mañana,8,8,8,8,7,6,7,7,57,10
1846,2026-05-21,Movilización,Femenino,Nuevo,Tarde,6,5,6,6,6,6,5,7,45,17
1847,2026-05-21,Movilización,Femenino,Nuevo,Noche,3,5,6,6,5,6,5,4,24,25
1848,2026-05-21,Farmacia,Masculino,Frecuente,Mañana,10,9,7,8,8,9,8,10,47,8
1849,2026-05-21,Movilización,Masculino,Frecuente,Tarde,6,8,6,6,7,6,5,6,41,23
1850,2026-05-22,Movilización,Masculino,Frecuente,Noche,7,7,8,8,7,7,5,8,52,9
1851,2026-05-22,Planta de alimentos,Femenino,Frecuente,Mañana,8,6,7,4,6,6,7,8,58,7
1852,2026-05-22,Planta de alimentos,Otro,Nuevo,Mañana,7,6,6,6,7,9,6,5,59,12
1853,2026-05-22,Planta de alimentos,Masculino,Frecuente,Noche,8,8,7,8,7,6,5,7,22,5
1854,2026-05-22,Planta de alimentos,Femenino,Nuevo,Tarde,10,8,7,8,9,7,7,9,36,3
1855,2026-05-22,Farmacia,Masculino,Frecuente,Tarde,6,7,8,8,7,8,9,6,63,16
1856,2026-05-22,Movilización,Masculino,Frecuente,Mañana,7,7,8,8,9,5,8,7,36,12
1857,2026-05-22,Movilización,Femenino,Frecuente,Noche,6,8,7,9,9,6,10,7,36,10
1858,2026-05-22,Farmacia,Femenino,Nuevo,Tarde,8,7,7,7,8,6,7,7,52,5
1859,2026-05-23,Farmacia,Masculino,Frecuente,Tarde,10,7,7,8,8,8,7,9,68,9
1860,2026-05-23,Movilización,Femenino,Frecuente,Noche,6,6,8,6,6,7,6,6,48,13
1861,2026-05-23,Farmacia,Masculino,Frecuente,Tarde,6,8,8,8,8,6,7,4,44,16
1862,2026-05-23,Farmacia,Masculino,Frecuente,Mañana,8,8,10,7,7,9,10,8,18,10
1863,2026-05-23,Farmacia,Femenino,Frecuente,Noche,7,7,7,7,7,7,6,7,46,11
1864,2026-05-23,Planta de alimentos,Femenino,Frecuente,Mañana,10,10,9,10,10,8,10,10,73,5
1865,2026-05-24,Farmacia,Otro,Frecuente,Tarde,9,7,8,9,8,8,9,8,35,8
1866,2026-05-24,Farmacia,Masculino,Nuevo,Mañana,8,6,7,6,6,5,7,6,18,8
1867,2026-05-24,Farmacia,Masculino,Nuevo,Mañana,9,10,8,10,10,9,9,9,18,3
1868,2026-05-24,Farmacia,Masculino,Nuevo,Noche,8,8,5,7,6,6,6,8,25,16
1869,2026-05-24,Planta de alimentos,Femenino,Nuevo,Tarde,6,8,7,9,8,8,8,6,53,2
1870,2026-05-24,Planta de alimentos,Femenino,Frecuente,Tarde,8,7,7,9,8,6,9,6,35,11
1871,2026-05-24,Planta de alimentos,Masculino,Frecuente,Tarde,8,10,9,9,9,9,8,9,40,4
1872,2026-05-24,Planta de alimentos,Femenino,Frecuente,Mañana,8,9,8,10,8,8,8,9,43,4
1873,2026-05-24,Planta de alimentos,Masculino,Nuevo,Tarde,5,8,7,5,6,6,6,7,27,4
1874,2026-05-24,Movilización,Masculino,Nuevo,Noche,6,6,7,7,5,6,5,7,38,16
1875,2026-05-25,Farmacia,Femenino,Frecuente,Mañana,7,8,7,10,8,8,7,6,54,11
1876,2026-05-25,Movilización,Masculino,Frecuente,Mañana,8,7,6,8,7,8,5,6,45,19
1877,2026-05-25,Movilización,Masculino,Nuevo,Noche,6,6,6,6,6,8,5,7,49,15
1878,2026-05-25,Movilización,Otro,Frecuente,Tarde,4,4,8,6,5,6,7,2,43,17
1879,2026-05-25,Movilización,Masculino,Frecuente,Tarde,9,7,5,8,5,6,7,8,41,14
1880,2026-05-25,Farmacia,Masculino,Frecuente,Tarde,8,7,7,7,8,7,8,9,48,10
1881,2026-05-25,Planta de alimentos,Femenino,Frecuente,Tarde,8,8,10,6,8,9,8,7,44,2
1882,2026-05-25,Movilización,Femenino,Frecuente,Tarde,9,6,6,8,7,6,7,10,29,11
1883,2026-05-26,Movilización,Masculino,Nuevo,Tarde,4,7,5,6,4,5,6,5,66,17
1884,2026-05-26,Movilización,Femenino,Nuevo,Noche,5,6,6,6,6,5,7,5,43,21
1885,2026-05-26,Movilización,Masculino,Frecuente,Noche,5,6,6,6,5,7,6,6,36,21
1886,2026-05-26,Farmacia,Femenino,Frecuente,Tarde,7,7,7,9,9,6,8,8,38,2
1887,2026-05-26,Planta de alimentos,Femenino,Frecuente,Mañana,8,8,8,9,7,9,10,8,41,5
1888,2026-05-26,Planta de alimentos,Femenino,Frecuente,Tarde,8,6,9,7,8,8,5,8,18,7
1889,2026-05-26,Movilización,Femenino,Frecuente,Tarde,8,9,6,9,7,9,9,7,30,12
1890,2026-05-27,Movilización,Femenino,Frecuente,Tarde,5,6,6,7,6,6,6,5,51,17
1891,2026-05-27,Farmacia,Femenino,Frecuente,Tarde,7,7,7,6,7,4,7,7,37,11
1892,2026-05-27,Farmacia,Femenino,Nuevo,Noche,4,6,7,6,4,6,6,4,37,9
1893,2026-05-27,Movilización,Masculino,Frecuente,Mañana,9,10,7,9,9,9,9,10,47,15
1894,2026-05-27,Movilización,Femenino,Nuevo,Tarde,6,8,6,8,7,6,6,7,55,18
1895,2026-05-27,Planta de alimentos,Femenino,Nuevo,Mañana,7,7,7,6,7,7,7,6,51,5
1896,2026-05-28,Movilización,Femenino,Frecuente,Noche,5,7,6,6,6,6,4,5,49,22
1897,2026-05-28,Farmacia,Femenino,Frecuente,Tarde,9,9,10,9,8,8,9,8,29,7
1898,2026-05-28,Movilización,Masculino,Nuevo,Mañana,6,7,6,5,8,7,5,6,33,15
1899,2026-05-29,Movilización,Masculino,Nuevo,Mañana,4,5,4,5,7,5,5,5,48,18
1900,2026-05-29,Movilización,Femenino,Frecuente,Tarde,9,8,7,10,10,9,8,10,29,19
1901,2026-05-29,Movilización,Masculino,Frecuente,Mañana,9,7,8,8,7,10,9,10,57,15
1902,2026-05-29,Planta de alimentos,Femenino,Frecuente,Noche,9,10,6,9,8,9,8,9,32,6
1903,2026-05-29,Farmacia,Femenino,Frecuente,Tarde,8,7,7,7,7,7,7,9,34,9
1904,2026-05-29,Movilización,Masculino,Frecuente,Noche,3,6,7,6,5,6,5,5,18,10
1905,2026-05-29,Farmacia,Femenino,Frecuente,Noche,9,7,7,8,7,8,7,8,35,14
1906,2026-05-30,Farmacia,Femenino,Frecuente,Tarde,7,7,7,7,5,9,7,8,18,4
1907,2026-05-30,Planta de alimentos,Masculino,Frecuente,Mañana,7,8,5,8,8,7,8,7,43,8
1908,2026-05-30,Farmacia,Masculino,Frecuente,Mañana,7,9,6,9,10,8,10,7,44,10
1909,2026-05-30,Planta de alimentos,Femenino,Nuevo,Tarde,6,6,5,5,7,7,7,7,18,9
1910,2026-05-30,Movilización,Masculino,Nuevo,Mañana,7,8,8,7,6,6,6,9,40,18
1911,2026-05-31,Farmacia,Femenino,Frecuente,Noche,6,6,5,7,7,6,5,5,41,16
1912,2026-05-31,Movilización,Masculino,Nuevo,Noche,5,4,2,4,4,2,5,6,40,18
1913,2026-05-31,Movilización,Masculino,Frecuente,Mañana,6,8,6,7,9,7,5,5,43,24
1914,2026-05-31,Movilización,Masculino,Frecuente,Mañana,8,6,8,6,8,8,7,7,59,11
1915,2026-06-01,Movilización,Masculino,Nuevo,Tarde,6,8,6,6,7,4,7,7,54,17
1916,2026-06-01,Farmacia,Masculino,Nuevo,Tarde,7,7,7,7,7,7,6,8,34,7
1917,2026-06-01,Farmacia,Femenino,Frecuente,Noche,6,6,6,7,8,8,6,8,25,5
1918,2026-06-01,Farmacia,Otro,Frecuente,Tarde,7,10,9,9,8,10,8,6,41,10
1919,2026-06-01,Farmacia,Masculino,Frecuente,Tarde,8,8,8,8,7,7,7,8,53,9
1920,2026-06-01,Farmacia,Femenino,Frecuente,Mañana,9,9,9,10,10,10,10,9,36,8
1921,2026-06-01,Farmacia,Femenino,Frecuente,Tarde,7,10,6,5,8,9,7,5,39,8
1922,2026-06-01,Planta de alimentos,Femenino,Frecuente,Mañana,8,7,7,8,7,7,8,7,36,2
1923,2026-06-01,Planta de alimentos,Femenino,Nuevo,Mañana,4,6,6,6,6,6,6,3,25,9
1924,2026-06-01,Movilización,Femenino,Nuevo,Tarde,5,5,6,5,7,6,4,5,39,15
1925,2026-06-02,Planta de alimentos,Masculino,Nuevo,Tarde,8,8,6,8,7,7,7,8,41,2
1926,2026-06-02,Movilización,Masculino,Nuevo,Mañana,6,4,5,5,7,6,6,6,70,20
1927,2026-06-02,Movilización,Masculino,Frecuente,Mañana,8,8,5,6,6,5,7,7,67,8
1928,2026-06-02,Movilización,Femenino,Nuevo,Noche,6,8,7,7,6,6,5,5,45,10
1929,2026-06-02,Farmacia,Masculino,Nuevo,Tarde,6,8,4,5,7,8,5,6,39,15
1930,2026-06-02,Movilización,Masculino,Nuevo,Noche,6,6,5,7,4,6,7,6,23,15
1931,2026-06-02,Planta de alimentos,Masculino,Frecuente,Mañana,8,10,8,8,9,9,8,8,18,5
1932,2026-06-02,Planta de alimentos,Femenino,Nuevo,Tarde,7,8,7,9,8,9,8,7,20,7
1933,2026-06-03,Farmacia,Masculino,Nuevo,Mañana,6,5,6,7,7,7,7,7,57,9
1934,2026-06-03,Planta de alimentos,Otro,Nuevo,Mañana,8,10,8,6,7,9,6,6,36,2
1935,2026-06-03,Farmacia,Masculino,Frecuente,Mañana,7,9,7,6,6,8,7,8,47,11
1936,2026-06-03,Planta de alimentos,Femenino,Frecuente,Noche,8,6,6,7,6,6,8,8,63,5
1937,2026-06-03,Planta de alimentos,Masculino,Nuevo,Tarde,7,7,7,7,8,6,6,7,44,5
1938,2026-06-03,Planta de alimentos,Masculino,Frecuente,Mañana,8,8,7,9,8,8,6,6,42,8
1939,2026-06-03,Movilización,Masculino,Frecuente,Mañana,8,7,7,7,7,8,7,6,44,21
1940,2026-06-03,Movilización,Masculino,Frecuente,Mañana,5,5,6,7,5,6,5,5,59,20
1941,2026-06-03,Movilización,Masculino,Nuevo,Mañana,6,7,5,7,8,7,7,6,25,22
1942,2026-06-03,Planta de alimentos,Femenino,Frecuente,Mañana,8,8,8,9,8,6,9,8,52,6
1943,2026-06-03,Movilización,Femenino,Frecuente,Mañana,8,7,7,8,7,7,8,7,43,15
1944,2026-06-03,Farmacia,Masculino,Frecuente,Tarde,7,6,6,7,6,8,7,7,19,9
1945,2026-06-03,Planta de alimentos,Masculino,Nuevo,Tarde,7,8,8,10,9,7,8,7,44,6
1946,2026-06-03,Planta de alimentos,Femenino,Frecuente,Tarde,7,10,8,8,8,8,7,7,42,7
1947,2026-06-03,Farmacia,Masculino,Frecuente,Tarde,7,8,8,8,6,6,6,6,42,14
1948,2026-06-03,Planta de alimentos,Masculino,Nuevo,Tarde,6,6,5,7,5,4,5,7,26,8
1949,2026-06-03,Planta de alimentos,Femenino,Nuevo,Mañana,7,8,5,6,8,7,8,7,47,11
1950,2026-06-03,Movilización,Masculino,Nuevo,Tarde,5,7,3,6,6,6,7,5,36,18
1951,2026-06-03,Farmacia,Femenino,Frecuente,Mañana,6,7,7,7,8,6,5,4,54,5
1952,2026-06-04,Planta de alimentos,Femenino,Frecuente,Tarde,9,8,8,7,8,9,7,8,72,3
1953,2026-06-04,Farmacia,Masculino,Nuevo,Tarde,6,7,5,6,5,6,6,6,41,11
1954,2026-06-04,Farmacia,Masculino,Frecuente,Tarde,7,7,8,8,8,8,8,8,39,8
1955,2026-06-04,Farmacia,Masculino,Frecuente,Tarde,7,6,7,8,6,7,9,8,65,8
1956,2026-06-04,Farmacia,Femenino,Frecuente,Mañana,9,8,7,7,7,8,8,8,23,11
1957,2026-06-04,Movilización,Masculino,Nuevo,Mañana,6,3,5,3,7,6,3,5,56,15
1958,2026-06-04,Planta de alimentos,Femenino,Nuevo,Mañana,7,7,7,7,6,7,7,8,36,2
1959,2026-06-04,Farmacia,Masculino,Frecuente,Tarde,10,9,8,9,10,8,8,9,55,9
1960,2026-06-04,Movilización,Femenino,Frecuente,Tarde,7,7,6,7,6,7,6,7,48,17
1961,2026-06-04,Planta de alimentos,Masculino,Frecuente,Noche,8,10,8,7,7,8,8,8,39,13
1962,2026-06-04,Movilización,Femenino,Frecuente,Noche,5,6,4,4,5,4,6,4,75,17
1963,2026-06-04,Movilización,Masculino,Nuevo,Tarde,9,7,6,4,7,5,6,7,60,9
1964,2026-06-05,Farmacia,Femenino,Frecuente,Tarde,7,8,5,8,6,8,6,6,54,15
1965,2026-06-05,Farmacia,Femenino,Frecuente,Mañana,8,9,9,10,8,9,9,9,75,15
1966,2026-06-05,Planta de alimentos,Femenino,Nuevo,Tarde,5,6,5,7,6,6,7,5,54,13
1967,2026-06-05,Planta de alimentos,Masculino,Frecuente,Noche,10,10,7,9,8,8,9,9,18,2
1968,2026-06-05,Planta de alimentos,Femenino,Frecuente,Mañana,8,8,7,8,8,7,8,7,30,2
1969,2026-06-05,Movilización,Femenino,Frecuente,Mañana,7,6,7,8,7,6,7,7,49,12
1970,2026-06-05,Planta de alimentos,Femenino,Frecuente,Tarde,7,8,5,8,9,8,5,6,48,10
1971,2026-06-05,Farmacia,Masculino,Frecuente,Tarde,6,6,3,6,6,7,5,5,67,14
1972,2026-06-05,Movilización,Masculino,Nuevo,Mañana,7,8,8,8,5,4,8,7,34,22
1973,2026-06-05,Movilización,Femenino,Nuevo,Mañana,6,6,6,4,6,6,5,6,48,17
1974,2026-06-05,Planta de alimentos,Femenino,Nuevo,Mañana,8,10,6,7,7,7,7,8,45,9
1975,2026-06-05,Movilización,Femenino,Frecuente,Mañana,9,7,5,9,8,8,6,8,38,14
1976,2026-06-06,Movilización,Femenino,Nuevo,Tarde,6,6,6,6,4,6,6,6,66,15
1977,2026-06-06,Planta de alimentos,Masculino,Frecuente,Noche,7,6,7,5,6,5,7,6,26,3
1978,2026-06-06,Farmacia,Masculino,Nuevo,Mañana,6,8,6,7,6,6,7,6,36,14
1979,2026-06-06,Movilización,Femenino,Frecuente,Mañana,5,8,5,6,7,5,7,5,42,11
1980,2026-06-06,Movilización,Femenino,Nuevo,Mañana,4,5,4,5,4,6,3,5,72,18
1981,2026-06-06,Planta de alimentos,Femenino,Frecuente,Noche,8,6,6,7,9,8,7,7,50,3
1982,2026-06-06,Movilización,Otro,Frecuente,Mañana,7,8,7,9,7,7,9,7,25,19
1983,2026-06-06,Farmacia,Femenino,Nuevo,Tarde,8,8,6,5,8,8,7,8,29,8
1984,2026-06-06,Movilización,Femenino,Nuevo,Mañana,7,7,7,5,8,6,5,7,44,12
1985,2026-06-06,Farmacia,Femenino,Frecuente,Mañana,9,10,9,9,8,8,8,9,57,7
1986,2026-06-06,Planta de alimentos,Femenino,Nuevo,Tarde,7,9,7,7,8,9,6,7,48,6
1987,2026-06-06,Farmacia,Masculino,Nuevo,Mañana,7,7,7,7,9,9,7,8,18,7
1988,2026-06-06,Planta de alimentos,Masculino,Nuevo,Tarde,8,7,7,7,6,8,6,8,36,8
1989,2026-06-07,Planta de alimentos,Masculino,Frecuente,Tarde,7,9,7,9,10,7,7,6,44,6
1990,2026-06-07,Farmacia,Femenino,Frecuente,Tarde,6,5,4,6,6,5,7,5,63,12
1991,2026-06-07,Farmacia,Masculino,Nuevo,Mañana,9,8,8,8,9,7,8,9,51,10
1992,2026-06-07,Farmacia,Otro,Frecuente,Mañana,7,9,8,9,9,9,9,7,47,14
1993,2026-06-07,Movilización,Masculino,Nuevo,Mañana,7,5,8,7,4,4,6,6,49,13
1994,2026-06-08,Planta de alimentos,Femenino,Nuevo,Tarde,6,7,6,8,8,6,7,7,39,12
1995,2026-06-08,Farmacia,Femenino,Frecuente,Noche,6,6,5,7,6,5,6,5,46,15
1996,2026-06-08,Farmacia,Masculino,Nuevo,Tarde,9,8,6,6,8,7,7,9,48,10
1997,2026-06-08,Farmacia,Masculino,Frecuente,Tarde,6,7,4,7,6,8,9,5,36,11
1998,2026-06-08,Movilización,Femenino,Nuevo,Tarde,4,8,7,6,7,7,7,4,43,20
1999,2026-06-08,Farmacia,Femenino,Nuevo,Noche,6,8,5,6,7,6,6,6,49,12
2000,2026-06-08,Planta de alimentos,Masculino,Frecuente,Mañana,9,8,9,10,9,7,9,10,18,6
2001,2026-06-08,Farmacia,Femenino,Nuevo,Noche,8,7,6,5,7,6,6,8,43,6
2002,2026-06-08,Farmacia,Femenino,Frecuente,Tarde,7,7,6,7,9,8,7,7,37,9
2003,2026-06-08,Farmacia,Femenino,Frecuente,Tarde,8,7,7,10,8,8,6,8,74,7
2004,2026-06-08,Farmacia,Femenino,Nuevo,Noche,5,4,4,4,4,6,5,5,50,13
2005,2026-06-08,Planta de alimentos,Masculino,Nuevo,Tarde,7,8,7,7,7,6,6,7,23,2
2006,2026-06-08,Movilización,Femenino,Nuevo,Mañana,5,7,5,5,5,6,4,5,57,18
2007,2026-06-08,Farmacia,Masculino,Nuevo,Mañana,8,8,6,9,9,9,8,7,37,13
2008,2026-06-08,Farmacia,Femenino,Frecuente,Mañana,9,10,8,8,8,8,8,10,38,9
2009,2026-06-08,Planta de alimentos,Femenino,Frecuente,Tarde,7,7,8,8,7,9,8,5,40,11
2010,2026-06-08,Farmacia,Femenino,Frecuente,Tarde,8,9,6,9,8,9,7,6,44,14
2011,2026-06-09,Movilización,Femenino,Frecuente,Tarde,7,8,7,7,8,8,7,7,52,11
2012,2026-06-09,Movilización,Femenino,Frecuente,Tarde,6,8,7,7,6,8,6,5,39,17
2013,2026-06-09,Movilización,Femenino,Frecuente,Mañana,7,7,8,6,8,7,6,6,25,14
2014,2026-06-09,Planta de alimentos,Masculino,Nuevo,Tarde,7,8,7,9,8,7,9,7,34,2
2015,2026-06-09,Movilización,Femenino,Frecuente,Mañana,6,7,9,9,8,9,7,6,37,19
2016,2026-06-09,Farmacia,Masculino,Frecuente,Mañana,8,8,9,7,9,8,9,9,55,12
2017,2026-06-09,Movilización,Femenino,Frecuente,Tarde,10,8,8,10,8,8,8,10,27,16
2018,2026-06-09,Movilización,Femenino,Nuevo,Noche,6,5,5,7,5,7,4,6,39,14
2019,2026-06-10,Movilización,Femenino,Frecuente,Mañana,8,10,8,9,7,9,8,7,52,11
2020,2026-06-10,Planta de alimentos,Femenino,Frecuente,Tarde,8,8,8,9,9,10,8,8,54,4
2021,2026-06-10,Movilización,Otro,Frecuente,Tarde,7,9,7,8,10,9,9,7,18,14
2022,2026-06-10,Movilización,Femenino,Frecuente,Mañana,8,8,7,9,9,6,6,8,27,15
2023,2026-06-10,Movilización,Femenino,Frecuente,Mañana,7,6,9,6,6,5,7,8,19,15
2024,2026-06-10,Farmacia,Femenino,Frecuente,Noche,7,6,5,5,8,7,6,7,36,13
2025,2026-06-10,Farmacia,Masculino,Frecuente,Noche,8,7,6,7,8,6,7,7,39,5
2026,2026-06-10,Farmacia,Femenino,Nuevo,Mañana,6,8,8,8,7,7,7,6,44,9
2027,2026-06-10,Movilización,Otro,Nuevo,Mañana,7,6,7,7,8,8,7,8,23,15
2028,2026-06-10,Farmacia,Masculino,Frecuente,Mañana,7,6,8,8,7,6,6,8,38,8
2029,2026-06-10,Movilización,Otro,Frecuente,Mañana,8,9,7,7,8,7,8,7,44,10
2030,2026-06-10,Movilización,Masculino,Nuevo,Tarde,5,5,5,6,7,6,5,5,21,15
2031,2026-06-11,Movilización,Masculino,Frecuente,Mañana,6,7,6,5,4,6,5,6,20,13
2032,2026-06-11,Farmacia,Femenino,Frecuente,Noche,3,6,6,5,7,6,3,3,37,11
2033,2026-06-11,Planta de alimentos,Masculino,Frecuente,Mañana,9,9,10,9,8,10,7,10,33,4
2034,2026-06-11,Planta de alimentos,Masculino,Frecuente,Mañana,6,9,6,8,8,5,10,7,47,11
2035,2026-06-11,Movilización,Masculino,Nuevo,Mañana,7,4,5,5,5,6,6,7,23,20
2036,2026-06-11,Movilización,Masculino,Frecuente,Tarde,6,8,6,8,7,5,4,5,47,18
2037,2026-06-11,Farmacia,Masculino,Frecuente,Mañana,9,10,9,9,8,10,9,9,61,11
2038,2026-06-11,Planta de alimentos,Masculino,Frecuente,Mañana,8,9,7,7,9,7,8,9,44,5
2039,2026-06-11,Movilización,Femenino,Frecuente,Tarde,6,6,6,7,6,5,7,7,31,14
2040,2026-06-12,Planta de alimentos,Masculino,Frecuente,Mañana,8,10,9,10,9,8,10,8,45,2
2041,2026-06-12,Movilización,Masculino,Frecuente,Tarde,7,9,7,4,7,9,6,8,57,15
2042,2026-06-12,Planta de alimentos,Masculino,Nuevo,Noche,6,7,6,5,6,7,5,7,65,10
2043,2026-06-12,Movilización,Masculino,Nuevo,Noche,5,7,2,5,7,4,5,5,37,11
2044,2026-06-12,Planta de alimentos,Masculino,Frecuente,Tarde,7,8,5,7,6,6,7,6,19,14
2045,2026-06-12,Planta de alimentos,Femenino,Frecuente,Noche,7,8,6,7,10,6,6,6,40,8
2046,2026-06-12,Planta de alimentos,Femenino,Frecuente,Noche,6,7,8,6,6,7,7,6,42,3
2047,2026-06-12,Planta de alimentos,Femenino,Frecuente,Tarde,5,4,7,7,6,6,7,5,18,2
2048,2026-06-12,Movilización,Femenino,Frecuente,Tarde,8,7,7,7,6,8,8,9,54,12
2049,2026-06-13,Farmacia,Femenino,Frecuente,Noche,8,8,6,5,8,7,8,6,73,6
2050,2026-06-13,Planta de alimentos,Femenino,Frecuente,Tarde,9,9,10,10,9,8,9,9,39,2
2051,2026-06-13,Farmacia,Femenino,Frecuente,Noche,7,9,8,7,7,8,7,8,41,6
2052,2026-06-13,Farmacia,Masculino,Nuevo,Mañana,5,5,5,5,4,5,4,5,60,9
2053,2026-06-13,Farmacia,Masculino,Nuevo,Tarde,7,7,5,7,7,5,7,8,46,7
2054,2026-06-13,Planta de alimentos,Femenino,Frecuente,Mañana,9,9,9,10,7,9,9,10,34,2
2055,2026-06-13,Movilización,Masculino,Frecuente,Noche,8,6,7,8,8,8,7,6,30,14
2056,2026-06-13,Movilización,Femenino,Frecuente,Noche,6,7,7,6,7,5,6,6,43,15
2057,2026-06-13,Movilización,Femenino,Frecuente,Mañana,9,9,8,10,8,9,9,10,37,15
2058,2026-06-13,Movilización,Femenino,Frecuente,Tarde,8,8,7,8,9,8,8,8,52,13
2059,2026-06-13,Farmacia,Masculino,Nuevo,Tarde,7,8,8,7,8,8,7,7,24,12
2060,2026-06-13,Farmacia,Femenino,Nuevo,Mañana,6,7,7,8,9,6,6,6,18,11
2061,2026-06-14,Movilización,Femenino,Frecuente,Mañana,9,8,8,9,9,8,8,9,41,17
2062,2026-06-14,Farmacia,Femenino,Nuevo,Tarde,7,7,8,6,5,5,6,7,31,14
2063,2026-06-14,Planta de alimentos,Femenino,Frecuente,Mañana,10,10,10,9,10,9,10,10,36,2
2064,2026-06-14,Farmacia,Masculino,Nuevo,Tarde,8,8,7,8,6,7,8,9,18,12
2065,2026-06-14,Movilización,Femenino,Frecuente,Tarde,6,7,6,7,5,7,7,4,41,15
2066,2026-06-14,Farmacia,Femenino,Nuevo,Mañana,6,6,5,6,6,6,6,5,50,5
2067,2026-06-14,Farmacia,Masculino,Frecuente,Tarde,7,7,5,7,7,6,6,8,49,11
2068,2026-06-14,Planta de alimentos,Masculino,Frecuente,Tarde,8,7,5,9,7,6,7,7,18,2
2069,2026-06-14,Farmacia,Femenino,Frecuente,Noche,6,6,7,6,6,7,8,6,27,2
2070,2026-06-14,Planta de alimentos,Masculino,Frecuente,Tarde,10,6,7,9,8,9,5,9,42,5
2071,2026-06-15,Movilización,Femenino,Frecuente,Tarde,7,6,8,7,8,8,6,7,18,18
2072,2026-06-15,Planta de alimentos,Masculino,Frecuente,Noche,9,8,9,9,7,7,9,8,25,2
2073,2026-06-15,Farmacia,Masculino,Frecuente,Tarde,9,10,10,8,8,8,10,10,57,4
2074,2026-06-15,Planta de alimentos,Femenino,Frecuente,Tarde,6,6,7,8,7,7,7,6,54,3
2075,2026-06-15,Movilización,Masculino,Frecuente,Mañana,8,5,6,6,8,7,8,7,47,17
2076,2026-06-15,Movilización,Masculino,Nuevo,Mañana,6,5,6,7,8,7,8,8,25,22
2077,2026-06-15,Planta de alimentos,Masculino,Frecuente,Noche,10,9,8,7,8,8,10,8,34,2
2078,2026-06-15,Movilización,Masculino,Frecuente,Noche,6,7,7,6,8,5,7,5,44,21
2079,2026-06-15,Farmacia,Femenino,Nuevo,Tarde,8,6,6,6,7,5,6,8,42,13
2080,2026-06-15,Movilización,Masculino,Frecuente,Mañana,7,7,8,8,7,8,7,8,38,17
2081,2026-06-15,Farmacia,Femenino,Frecuente,Noche,7,7,6,7,5,7,8,7,29,5
2082,2026-06-15,Planta de alimentos,Femenino,Frecuente,Mañana,10,8,7,7,9,10,8,10,56,4
2083,2026-06-15,Movilización,Masculino,Nuevo,Mañana,8,9,7,7,7,6,8,10,62,15
2084,2026-06-16,Farmacia,Femenino,Nuevo,Tarde,8,9,6,7,7,7,5,8,49,8
2085,2026-06-16,Planta de alimentos,Femenino,Nuevo,Mañana,7,7,5,6,8,7,6,7,55,2
2086,2026-06-16,Movilización,Masculino,Nuevo,Mañana,6,6,7,8,9,5,7,7,56,15
2087,2026-06-16,Planta de alimentos,Femenino,Frecuente,Tarde,7,9,6,8,8,7,8,7,60,6
2088,2026-06-16,Farmacia,Femenino,Frecuente,Tarde,8,10,6,6,9,8,8,7,45,9
2089,2026-06-16,Farmacia,Femenino,Nuevo,Tarde,8,7,6,4,7,6,6,8,35,5
2090,2026-06-17,Farmacia,Masculino,Frecuente,Noche,8,8,7,7,9,7,9,9,30,11
2091,2026-06-17,Farmacia,Masculino,Nuevo,Tarde,4,4,5,5,4,4,5,3,46,12
2092,2026-06-17,Planta de alimentos,Masculino,Frecuente,Mañana,8,9,8,10,8,9,9,8,50,3
2093,2026-06-17,Movilización,Masculino,Frecuente,Mañana,9,8,8,9,9,6,8,10,40,16
2094,2026-06-17,Farmacia,Femenino,Frecuente,Mañana,9,7,7,7,7,8,7,8,24,2
2095,2026-06-17,Farmacia,Femenino,Frecuente,Mañana,9,8,9,8,10,8,8,9,50,14
2096,2026-06-17,Farmacia,Femenino,Nuevo,Mañana,6,5,5,6,7,7,5,6,28,9
2097,2026-06-17,Planta de alimentos,Femenino,Nuevo,Tarde,6,8,8,5,7,8,7,5,47,2
2098,2026-06-17,Farmacia,Masculino,Nuevo,Tarde,6,7,5,5,7,7,6,7,36,15
2099,2026-06-17,Planta de alimentos,Femenino,Nuevo,Tarde,8,8,9,7,9,8,9,8,62,2
2100,2026-06-17,Farmacia,Masculino,Frecuente,Tarde,8,8,9,9,9,6,9,9,35,8
2101,2026-06-17,Movilización,Femenino,Frecuente,Tarde,8,8,8,6,7,9,9,10,20,11
2102,2026-06-17,Planta de alimentos,Femenino,Frecuente,Mañana,9,9,9,7,7,8,9,8,29,9
2103,2026-06-17,Movilización,Femenino,Nuevo,Noche,5,5,7,6,6,6,8,6,56,16
2104,2026-06-17,Movilización,Femenino,Frecuente,Tarde,7,6,8,10,8,6,7,8,58,21
2105,2026-06-17,Planta de alimentos,Masculino,Frecuente,Mañana,10,8,9,8,10,10,10,9,42,3
2106,2026-06-17,Movilización,Masculino,Frecuente,Noche,7,6,5,7,8,8,5,8,64,17
2107,2026-06-18,Farmacia,Femenino,Frecuente,Tarde,6,9,8,6,8,6,5,6,39,12
2108,2026-06-18,Farmacia,Femenino,Frecuente,Tarde,8,10,8,10,10,10,9,9,55,8
2109,2026-06-18,Planta de alimentos,Femenino,Frecuente,Mañana,9,10,8,9,8,9,9,9,46,6
2110,2026-06-18,Planta de alimentos,Femenino,Frecuente,Mañana,9,10,9,9,9,7,8,8,37,3
2111,2026-06-18,Farmacia,Masculino,Nuevo,Mañana,8,9,7,7,7,6,8,6,55,11
2112,2026-06-19,Planta de alimentos,Masculino,Frecuente,Noche,7,8,9,10,8,9,7,7,40,4
2113,2026-06-19,Planta de alimentos,Masculino,Frecuente,Mañana,10,8,8,9,10,9,9,10,62,2
2114,2026-06-19,Movilización,Femenino,Frecuente,Mañana,7,7,6,3,6,8,6,7,31,19
2115,2026-06-19,Planta de alimentos,Masculino,Frecuente,Noche,6,6,8,8,6,6,6,8,47,5
2116,2026-06-19,Movilización,Masculino,Frecuente,Noche,4,7,5,4,5,6,3,3,48,20
2117,2026-06-19,Movilización,Femenino,Frecuente,Mañana,8,6,9,7,8,9,10,7,50,14
2118,2026-06-19,Farmacia,Masculino,Frecuente,Tarde,10,8,8,8,9,9,7,9,62,5
2119,2026-06-19,Movilización,Masculino,Nuevo,Mañana,7,7,5,7,8,6,7,6,56,14
2120,2026-06-20,Movilización,Otro,Frecuente,Mañana,7,8,7,6,6,7,9,6,50,21
2121,2026-06-20,Farmacia,Femenino,Frecuente,Mañana,6,6,7,7,8,2,7,6,25,9
2122,2026-06-20,Farmacia,Femenino,Nuevo,Tarde,6,6,5,8,6,6,5,6,26,8
2123,2026-06-21,Movilización,Masculino,Nuevo,Mañana,5,8,6,7,8,5,6,6,64,22
2124,2026-06-21,Movilización,Femenino,Frecuente,Mañana,8,6,6,8,7,8,6,7,37,20
2125,2026-06-21,Movilización,Femenino,Frecuente,Mañana,8,7,8,7,7,6,7,7,32,10
2126,2026-06-21,Planta de alimentos,Femenino,Nuevo,Tarde,7,7,6,7,8,9,6,8,18,6
2127,2026-06-21,Farmacia,Femenino,Frecuente,Mañana,7,9,9,9,8,9,9,8,50,9
2128,2026-06-21,Movilización,Masculino,Nuevo,Mañana,8,7,6,6,6,9,7,8,38,15
2129,2026-06-21,Movilización,Femenino,Frecuente,Mañana,8,9,7,7,8,7,6,6,47,23
2130,2026-06-21,Planta de alimentos,Femenino,Frecuente,Mañana,9,10,10,8,9,8,10,8,44,2
2131,2026-06-21,Farmacia,Masculino,Frecuente,Tarde,9,6,8,8,8,6,7,10,30,3
2132,2026-06-21,Farmacia,Masculino,Frecuente,Noche,6,7,10,6,7,8,9,5,56,14
2133,2026-06-21,Movilización,Masculino,Nuevo,Tarde,5,5,3,4,6,6,6,6,36,9
2134,2026-06-22,Farmacia,Masculino,Frecuente,Tarde,6,5,7,6,7,8,7,4,27,14
2135,2026-06-22,Farmacia,Masculino,Frecuente,Mañana,8,9,8,7,9,9,9,7,59,10
2136,2026-06-22,Planta de alimentos,Femenino,Frecuente,Mañana,7,8,6,8,7,9,6,6,58,3
2137,2026-06-22,Movilización,Femenino,Frecuente,Tarde,7,6,5,9,6,7,6,5,48,18
2138,2026-06-22,Planta de alimentos,Masculino,Nuevo,Mañana,8,9,6,7,10,8,7,7,33,2
2139,2026-06-22,Movilización,Masculino,Nuevo,Tarde,6,5,4,5,5,6,5,6,42,14
2140,2026-06-22,Farmacia,Masculino,Frecuente,Noche,8,8,9,9,9,7,9,9,36,9
2141,2026-06-23,Farmacia,Masculino,Nuevo,Mañana,8,6,6,8,8,7,7,8,44,5
2142,2026-06-23,Farmacia,Femenino,Nuevo,Mañana,7,4,5,6,6,5,7,6,47,7
2143,2026-06-23,Movilización,Masculino,Nuevo,Tarde,6,5,5,4,6,7,5,5,34,22
2144,2026-06-23,Planta de alimentos,Masculino,Frecuente,Mañana,7,8,7,8,10,9,8,6,40,8
2145,2026-06-23,Farmacia,Femenino,Frecuente,Mañana,6,8,7,9,8,7,8,7,34,16
2146,2026-06-23,Planta de alimentos,Masculino,Frecuente,Tarde,9,10,8,8,7,7,8,8,34,4
2147,2026-06-23,Movilización,Femenino,Frecuente,Mañana,9,10,9,8,9,6,10,9,34,9
2148,2026-06-23,Farmacia,Masculino,Frecuente,Mañana,8,8,9,9,9,8,8,7,33,15
2149,2026-06-23,Movilización,Masculino,Frecuente,Tarde,7,8,8,8,8,6,8,5,19,13
2150,2026-06-23,Farmacia,Masculino,Frecuente,Mañana,7,8,8,8,8,8,8,9,75,9
2151,2026-06-24,Planta de alimentos,Otro,Frecuente,Tarde,9,9,8,9,8,6,7,8,48,6
2152,2026-06-24,Movilización,Femenino,Nuevo,Tarde,8,6,7,7,6,8,5,8,32,16
2153,2026-06-24,Movilización,Femenino,Nuevo,Tarde,6,9,6,7,9,7,6,6,18,15
2154,2026-06-24,Planta de alimentos,Masculino,Frecuente,Noche,8,9,6,7,10,7,6,7,30,7
2155,2026-06-24,Farmacia,Femenino,Frecuente,Tarde,10,9,9,9,10,10,8,10,28,11
2156,2026-06-24,Movilización,Femenino,Nuevo,Mañana,9,7,8,8,7,9,8,8,28,20
2157,2026-06-24,Planta de alimentos,Femenino,Frecuente,Tarde,10,9,8,9,9,10,8,10,42,2
2158,2026-06-24,Planta de alimentos,Femenino,Frecuente,Noche,6,7,6,7,5,7,6,7,58,7
2159,2026-06-24,Movilización,Femenino,Frecuente,Mañana,5,9,8,7,4,5,5,4,36,20
2160,2026-06-24,Farmacia,Otro,Frecuente,Mañana,10,9,8,10,8,9,8,10,53,5
2161,2026-06-24,Planta de alimentos,Femenino,Frecuente,Tarde,6,10,7,8,9,7,8,6,18,6
2162,2026-06-25,Movilización,Masculino,Nuevo,Mañana,4,4,2,5,3,4,2,3,47,15
2163,2026-06-25,Farmacia,Masculino,Frecuente,Mañana,8,8,7,8,8,9,6,9,43,12
2164,2026-06-25,Planta de alimentos,Masculino,Frecuente,Tarde,6,6,7,8,7,5,9,6,53,7
2165,2026-06-25,Farmacia,Masculino,Nuevo,Mañana,5,7,7,7,7,9,7,5,33,15
2166,2026-06-25,Planta de alimentos,Masculino,Frecuente,Tarde,8,9,7,7,8,8,6,9,26,7
2167,2026-06-25,Farmacia,Masculino,Nuevo,Tarde,7,7,6,7,6,6,5,8,58,7
2168,2026-06-25,Farmacia,Masculino,Frecuente,Mañana,7,8,7,9,9,9,9,6,49,12
2169,2026-06-25,Movilización,Femenino,Frecuente,Tarde,7,7,5,7,7,8,8,6,53,21
2170,2026-06-25,Farmacia,Masculino,Frecuente,Mañana,7,7,6,7,7,6,6,6,26,10
2171,2026-06-25,Farmacia,Femenino,Nuevo,Mañana,7,6,4,8,7,7,7,7,18,13
2172,2026-06-25,Farmacia,Femenino,Frecuente,Mañana,5,7,8,9,8,7,7,4,64,7
2173,2026-06-25,Planta de alimentos,Femenino,Nuevo,Mañana,9,8,6,7,7,8,7,8,62,2
2174,2026-06-25,Movilización,Masculino,Frecuente,Mañana,7,7,7,8,7,7,8,8,57,15
2175,2026-06-26,Movilización,Femenino,Nuevo,Mañana,7,7,8,5,7,7,8,7,26,10
2176,2026-06-26,Farmacia,Masculino,Nuevo,Tarde,5,5,5,5,6,7,6,6,55,8
2177,2026-06-26,Planta de alimentos,Femenino,Frecuente,Noche,8,7,8,8,10,8,7,8,31,2
2178,2026-06-26,Movilización,Femenino,Frecuente,Tarde,10,7,6,8,8,9,8,9,26,15
2179,2026-06-26,Farmacia,Femenino,Nuevo,Noche,7,5,5,6,6,8,5,7,51,5
2180,2026-06-26,Farmacia,Masculino,Frecuente,Mañana,7,8,6,9,8,9,8,6,44,6
2181,2026-06-26,Movilización,Masculino,Frecuente,Mañana,7,6,8,6,7,8,7,7,52,16
2182,2026-06-27,Movilización,Femenino,Frecuente,Mañana,8,9,8,8,8,7,8,9,41,15
2183,2026-06-27,Planta de alimentos,Femenino,Nuevo,Noche,5,7,6,6,5,7,6,7,45,7
2184,2026-06-27,Farmacia,Femenino,Nuevo,Tarde,8,8,5,8,8,6,9,9,61,8
2185,2026-06-27,Farmacia,Masculino,Frecuente,Mañana,5,7,5,5,9,3,7,4,29,13
2186,2026-06-27,Movilización,Masculino,Frecuente,Tarde,6,8,4,6,7,8,7,7,44,16
2187,2026-06-27,Movilización,Masculino,Frecuente,Mañana,9,9,7,8,8,9,6,9,67,13
2188,2026-06-27,Movilización,Masculino,Frecuente,Noche,7,7,4,5,6,5,7,6,34,16
2189,2026-06-27,Planta de alimentos,Femenino,Nuevo,Noche,7,5,4,7,6,5,6,8,52,6
2190,2026-06-27,Movilización,Masculino,Nuevo,Noche,6,7,5,8,9,8,6,5,49,12
2191,2026-06-27,Planta de alimentos,Masculino,Frecuente,Mañana,10,8,7,7,8,7,9,9,18,9
2192,2026-06-27,Farmacia,Masculino,Nuevo,Mañana,4,5,4,5,4,4,4,2,51,13
2193,2026-06-28,Planta de alimentos,Femenino,Nuevo,Noche,4,4,5,4,6,5,3,3,53,6
2194,2026-06-28,Movilización,Masculino,Frecuente,Tarde,8,9,7,7,5,8,7,7,53,20
2195,2026-06-28,Farmacia,Masculino,Nuevo,Noche,7,6,7,8,8,7,7,6,48,12
2196,2026-06-28,Movilización,Femenino,Nuevo,Tarde,6,7,5,6,6,6,5,6,63,16
2197,2026-06-28,Farmacia,Masculino,Nuevo,Tarde,8,6,6,6,7,6,8,9,56,12
2198,2026-06-28,Planta de alimentos,Femenino,Frecuente,Mañana,8,9,7,10,10,8,9,9,32,7
2199,2026-06-28,Movilización,Masculino,Frecuente,Mañana,7,6,4,8,8,6,7,7,58,16
2200,2026-06-28,Movilización,Masculino,Nuevo,Tarde,5,6,4,7,6,7,4,4,35,19
